schema_version,actor_ref,artifact_id,observation_id,artifact_type,value,normalized_value,disposition,observed_at,observed_at_precision,observed_at_status,observed_at_basis,source_published_at,source_id,source_path,source_location,campaign_refs,malware_refs,infrastructure_refs,roles,campaign_count,seen_in_multiple_campaigns,confidence,tlp,extraction_method,context_excerpt,analyst_notes
1.0.0,actor--muddywater,artifact--sha256:65599790ff7b2e1f9da31fafa0abff468062d21d481e6f9be447623e529c01e4,observation--sha256:ed1d8b4425e4909fe2d1e6c87e98a3cdb98178ff11e838357648d767743a575a,command,DELPHSTATS employs custom PowerShell script with code similarities to the one embedded into the,DELPHSTATS employs custom PowerShell script with code similarities to the one embedded into the,candidate,2018-03-01T00:00:00Z,month,known,same-record,,source--muddywater--77fecc73ab07f06c,muddywater/wp_new_muddywater_findings_uncovered.pdf,"{""page"": 6}",[],[],[],[],0,false,medium,TLP:CLEAR,pdf-text,"5 Other MuddyWater campaigns that used different payloads and tools Since 2018, the threat actors behind MuddyWater have been actively targeting victims using a variety of methods and techniques, and they seem to keep on adding more as they move forward with new campaigns. The abovementioned campaign that used POWERSTATS v3 is not the only one we found using new tricks. We observed other campaigns with different delivery methods and dropped file types. Notably, these campaigns have also changed ",
1.0.0,actor--muddywater,artifact--sha256:42d09247dcf4a40d4cbffa7c196b4b9c55711240c05d13ea64e61141f80b82d1,observation--sha256:a874940a1d1bd25c384041c9d3fe09067e19394fbccc4cf9fcf5f5f7a8e0b6fb,command,"De-obfuscates .txt file, which is another PowerShell script and main C2","De-obfuscates .txt file, which is another PowerShell script and main C2",candidate,,unknown,unknown,not-stated,,source--muddywater--2e79f520fa3d06d8,muddywater/Iranian intel cyber suite of malware uses open source tools.pdf,"{""page"": 2}",[],[],[],[],0,false,medium,TLP:CLEAR,pdf-text,"https://www.cybercom.mil/DesktopModules/ArticleCS/Print.aspx?PortalId=56&ModuleId=4502&Article=2897570 2/3 These three samples are all part of the same PowGoop instance. They were identified in a folder with several other legitimate executables and DLLs. Goopdate.dll uses DLL side-loading to run when a the non- malicious executable GoogleUpdate.exe is run. goopdate.dll will then de-obfuscate goopdate.dat, which is a PowerShell script used to de- obfuscate and run config.txt. Config.txt is a Powe",
1.0.0,actor--muddywater,artifact--sha256:2e0251e81233e3c22496e4e976eea0e52c0707d963103a4128dd8989e3c6fb55,observation--sha256:eb1a38391431019d15d659ce34de078d230babca59b10068ae10b1e058cac880,command,"EmpireProject PowerShell, Python","EmpireProject PowerShell, Python",candidate,,unknown,unknown,not-stated,,source--muddywater--77fecc73ab07f06c,muddywater/wp_new_muddywater_findings_uncovered.pdf,"{""page"": 9}",[],[],[],[],0,false,medium,TLP:CLEAR,pdf-text,"8 Use of different post-exploitation tools Since the emergence of MuddyWater, we found that its operators used multiple open source post - exploitation tools, which they deployed after successfully compromising a target. Name of the post-exploitation tool Programming language/Interpreter CrackMapExec Python, PyInstaller ChromeCookiesView Executable file chrome-passwords Executable file EmpireProject PowerShell, Python FruityC2 PowerShell Koadic JavaScript LaZagne Python, PyInstaller Meterpreter ",
1.0.0,actor--muddywater,artifact--sha256:3a6f8d48b559971e64d56affbb4de183fe6b38c25d441b3e04c0f6bf0aef8b42,observation--sha256:e7fc86127f6dc6c8fc246a59460f50a350f4e81dc036718c7110203f7d99ca4e,command,Figure 8. SHARPSTATS can be used to collect system information by dropping and executing a PowerShell,Figure 8. SHARPSTATS can be used to collect system information by dropping and executing a PowerShell,candidate,,unknown,unknown,not-stated,,source--muddywater--77fecc73ab07f06c,muddywater/wp_new_muddywater_findings_uncovered.pdf,"{""page"": 7}",[],[],[],[],0,false,medium,TLP:CLEAR,pdf-text,"6 Figure 8. SHARPSTATS can be used to collect system information by dropping and executing a PowerShell script. Figure 9. The code in DELPHSTATS that queries a certain directory on the C&C server. It’s where operators upload additional payload. In mid-March 2019, we came across POWERSTATS v2, a heavily obfuscated backdoor. An earlier version of this backdoor decodes the initial encoded/compressed blocks of code. An improved version appeared later on, and we saw that it heavily uses format string",
1.0.0,actor--muddywater,artifact--sha256:e6b5af66b49e828a6b2e2083ee04b121e0330770417dc4699c64ceca5ff7c5ea,observation--sha256:31103114546523850d102134a7791560b1d86e55e5128f7904262da908d97224,command,"First, the RAT is extracted with the PowerShell. Seen in the followi ng image is its execution . Initially it","First, the RAT is extracted with the PowerShell. Seen in the followi ng image is its execution . Initially it",candidate,,unknown,unknown,not-stated,,source--muddywater--4536dea64d925d9a,muddywater/Clearsky-Iranian-APT-group-‘MuddyWater’-Adds-Exploits-to-Their-Arsenal.pdf,"{""page"": 10}",[],[],[],[],0,false,medium,TLP:CLEAR,pdf-text,"Attack infrastructure analysis - June 2019 © 2019 All rights reserved to Clearsky Security Ltd. www.clearskysec.com - info@clearskysec.com Page 10 of 17 Malware analysis – RAT We discovered a RAT file that communicates to the aforementioned IP address. The RAT was scanned on AnyRun by an unknown user in late May. First, the RAT is extracted with the PowerShell. Seen in the followi ng image is its execution . Initially it communicates with the server, which activates a php script named 'game'.",
1.0.0,actor--muddywater,artifact--sha256:52e77418e1f7eb1109b691c657fd8017862b7cbc9b5b02f33e88e76c5d93b074,observation--sha256:bf904096151af01d906d65fed9a88fb5c7781cd66d5ab299e5defef47853b511,command,FruityC2 PowerShell,FruityC2 PowerShell,candidate,,unknown,unknown,not-stated,,source--muddywater--77fecc73ab07f06c,muddywater/wp_new_muddywater_findings_uncovered.pdf,"{""page"": 9}",[],[],[],[],0,false,medium,TLP:CLEAR,pdf-text,"8 Use of different post-exploitation tools Since the emergence of MuddyWater, we found that its operators used multiple open source post - exploitation tools, which they deployed after successfully compromising a target. Name of the post-exploitation tool Programming language/Interpreter CrackMapExec Python, PyInstaller ChromeCookiesView Executable file chrome-passwords Executable file EmpireProject PowerShell, Python FruityC2 PowerShell Koadic JavaScript LaZagne Python, PyInstaller Meterpreter ",
1.0.0,actor--muddywater,artifact--sha256:d1fa4e7bd2bb5425c4ba7b3c4dd7fd3b4008338d9bd8b5be2cd01bfff761415d,observation--sha256:abd84eb4f82fb4229542769baad52b85fcd1f723d71d64c578857fbb0d9683ca,command,"If the file is found, it will be downloaded and executed using the Powershell.exe process.","If the file is found, it will be downloaded and executed using the Powershell.exe process",candidate,,unknown,unknown,not-stated,,source--muddywater--77fecc73ab07f06c,muddywater/wp_new_muddywater_findings_uncovered.pdf,"{""page"": 4}",[],[],[],[],0,false,medium,TLP:CLEAR,pdf-text,"3 The threat actor group deployed a new multi-stage PowerShell-based backdoor called POWERSTATS v3. The spear-phishing email that contains a document embedded with a malicious macro will drop a VBE file encoded with Microsoft Script Encoder. The VBE file, which holds a base64-encoded block of data containing obfuscated PowerShell script, will then execute. This block of data will be decoded and saved to the %PUBLIC% directory under various names ending with image file extensions such as .jpeg an",
1.0.0,actor--muddywater,artifact--sha256:2a48f679a3a95bc9ba7c373c7a170e5b8ce9965fbbb4c02396be6ec2a089d617,observation--sha256:7cbe06203d15a4a186bb09b380b45ffa538d28d6947589550d1019e7ebb366fc,command,"One of the said custom tools was POWERSTATS, a PowerShell-based backdoor that the group first used","One of the said custom tools was POWERSTATS, a PowerShell-based backdoor that the group first used",candidate,2018-03-01T00:00:00Z,month,known,same-record,,source--muddywater--77fecc73ab07f06c,muddywater/wp_new_muddywater_findings_uncovered.pdf,"{""page"": 6}",[],[],[],[],0,false,medium,TLP:CLEAR,pdf-text,"5 Other MuddyWater campaigns that used different payloads and tools Since 2018, the threat actors behind MuddyWater have been actively targeting victims using a variety of methods and techniques, and they seem to keep on adding more as they move forward with new campaigns. The abovementioned campaign that used POWERSTATS v3 is not the only one we found using new tricks. We observed other campaigns with different delivery methods and dropped file types. Notably, these campaigns have also changed ",
1.0.0,actor--muddywater,artifact--sha256:70c85b1370a220f0c5c7bb31d210ab1ec0f2f639e0243cc4c4b29b3b6d4a5c15,observation--sha256:46b27852c60902acaa4614e17131c4b0ac8e7b28b86a6ac3c2731b454957ef76,command,PowerSploit PowerShell,PowerSploit PowerShell,candidate,,unknown,unknown,not-stated,,source--muddywater--77fecc73ab07f06c,muddywater/wp_new_muddywater_findings_uncovered.pdf,"{""page"": 9}",[],[],[],[],0,false,medium,TLP:CLEAR,pdf-text,"8 Use of different post-exploitation tools Since the emergence of MuddyWater, we found that its operators used multiple open source post - exploitation tools, which they deployed after successfully compromising a target. Name of the post-exploitation tool Programming language/Interpreter CrackMapExec Python, PyInstaller ChromeCookiesView Executable file chrome-passwords Executable file EmpireProject PowerShell, Python FruityC2 PowerShell Koadic JavaScript LaZagne Python, PyInstaller Meterpreter ",
1.0.0,actor--muddywater,artifact--sha256:cedcc2816220e1263f82e4b20366d524aec6f1ce2d84f9ca59be330bf40e31a1,observation--sha256:c31af3653d85765dc48996e5e7dfade6194dc66b50a0586b279c2387ca04606b,command,The threat actor group deployed a new multi-stage PowerShell-based backdoor called POWERSTATS v3.,The threat actor group deployed a new multi-stage PowerShell-based backdoor called POWERSTATS v3,candidate,,unknown,unknown,not-stated,,source--muddywater--77fecc73ab07f06c,muddywater/wp_new_muddywater_findings_uncovered.pdf,"{""page"": 4}",[],[],[],[],0,false,medium,TLP:CLEAR,pdf-text,"3 The threat actor group deployed a new multi-stage PowerShell-based backdoor called POWERSTATS v3. The spear-phishing email that contains a document embedded with a malicious macro will drop a VBE file encoded with Microsoft Script Encoder. The VBE file, which holds a base64-encoded block of data containing obfuscated PowerShell script, will then execute. This block of data will be decoded and saved to the %PUBLIC% directory under various names ending with image file extensions such as .jpeg an",
1.0.0,actor--muddywater,artifact--sha256:b28c3f8cca195a2cd0329898b1895e8bfe2b559a7db33469e571ae37761d89b8,observation--sha256:7e6c2bee7485d767b0385fa51e8ce9337c63b745ee73f44aee74d34d0aacbb58,command,This sample is a likely Mori Backdoor. This sample utilizes regsvr32.dll,This sample is a likely Mori Backdoor. This sample utilizes regsvr32.dll,candidate,,unknown,unknown,not-stated,,source--muddywater--2e79f520fa3d06d8,muddywater/Iranian intel cyber suite of malware uses open source tools.pdf,"{""page"": 2}",[],[],[],[],0,false,medium,TLP:CLEAR,pdf-text,"https://www.cybercom.mil/DesktopModules/ArticleCS/Print.aspx?PortalId=56&ModuleId=4502&Article=2897570 2/3 These three samples are all part of the same PowGoop instance. They were identified in a folder with several other legitimate executables and DLLs. Goopdate.dll uses DLL side-loading to run when a the non- malicious executable GoogleUpdate.exe is run. goopdate.dll will then de-obfuscate goopdate.dat, which is a PowerShell script used to de- obfuscate and run config.txt. Config.txt is a Powe",
1.0.0,actor--muddywater,artifact--sha256:f822acc816fbb3264a17eba5b76af05ca649fcc629a643b0005838cdd8b472ad,observation--sha256:7e4d41d143e380c8cbdc651493e4cf017c9ba83c13b3b67bca807af834d8c244,command,"Uses same technique to de-obfuscate .dat file, which is a PowerShell","Uses same technique to de-obfuscate .dat file, which is a PowerShell",candidate,,unknown,unknown,not-stated,,source--muddywater--2e79f520fa3d06d8,muddywater/Iranian intel cyber suite of malware uses open source tools.pdf,"{""page"": 2}",[],[],[],[],0,false,medium,TLP:CLEAR,pdf-text,"https://www.cybercom.mil/DesktopModules/ArticleCS/Print.aspx?PortalId=56&ModuleId=4502&Article=2897570 2/3 These three samples are all part of the same PowGoop instance. They were identified in a folder with several other legitimate executables and DLLs. Goopdate.dll uses DLL side-loading to run when a the non- malicious executable GoogleUpdate.exe is run. goopdate.dll will then de-obfuscate goopdate.dat, which is a PowerShell script used to de- obfuscate and run config.txt. Config.txt is a Powe",
1.0.0,actor--muddywater,artifact--sha256:d342a2b098d3ce85f6ae53099b6ec2b83e7ad958403dbf2ea0403d612c53885c,observation--sha256:23c77ac06d844d61aa97a953d1c4f42821a5c61ba508d30319a659611dcd3481,command,and .png. The PowerShell code will then use custom string obfuscation and lots of useless blocks of code,and .png. The PowerShell code will then use custom string obfuscation and lots of useless blocks of code,candidate,,unknown,unknown,not-stated,,source--muddywater--77fecc73ab07f06c,muddywater/wp_new_muddywater_findings_uncovered.pdf,"{""page"": 4}",[],[],[],[],0,false,medium,TLP:CLEAR,pdf-text,"3 The threat actor group deployed a new multi-stage PowerShell-based backdoor called POWERSTATS v3. The spear-phishing email that contains a document embedded with a malicious macro will drop a VBE file encoded with Microsoft Script Encoder. The VBE file, which holds a base64-encoded block of data containing obfuscated PowerShell script, will then execute. This block of data will be decoded and saved to the %PUBLIC% directory under various names ending with image file extensions such as .jpeg an",
1.0.0,actor--muddywater,artifact--sha256:04a6cbd08802b38b66402557afd34d27cb2c02280191b7560f81313ff81c773e,observation--sha256:42a6373a2b605a0bb37d56295ecd47e29cbd3498045dce00422fbe22b37b3da2,command,"before executing it via the Powershell.exe process. Similar to the SHARPSTATS backdoor,",before executing it via the Powershell.exe process. Similar to the SHARPSTATS backdoor,candidate,2018-03-01T00:00:00Z,month,known,same-record,,source--muddywater--77fecc73ab07f06c,muddywater/wp_new_muddywater_findings_uncovered.pdf,"{""page"": 6}",[],[],[],[],0,false,medium,TLP:CLEAR,pdf-text,"5 Other MuddyWater campaigns that used different payloads and tools Since 2018, the threat actors behind MuddyWater have been actively targeting victims using a variety of methods and techniques, and they seem to keep on adding more as they move forward with new campaigns. The abovementioned campaign that used POWERSTATS v3 is not the only one we found using new tricks. We observed other campaigns with different delivery methods and dropped file types. Notably, these campaigns have also changed ",
1.0.0,actor--muddywater,artifact--sha256:7717a6699ee0b8d93e08a464e42841ab79c830f162a787da669b89770558f27e,observation--sha256:84108338a1d8a2a96b325e8a87b73845e50112ac5a92bf75569b431a79bb77b3,command,"compromised networks, de-obfuscating a PowerShell script that allows","compromised networks, de-obfuscating a PowerShell script that allows",candidate,,unknown,unknown,not-stated,,source--muddywater--2e79f520fa3d06d8,muddywater/Iranian intel cyber suite of malware uses open source tools.pdf,"{""page"": 2}",[],[],[],[],0,false,medium,TLP:CLEAR,pdf-text,"https://www.cybercom.mil/DesktopModules/ArticleCS/Print.aspx?PortalId=56&ModuleId=4502&Article=2897570 2/3 These three samples are all part of the same PowGoop instance. They were identified in a folder with several other legitimate executables and DLLs. Goopdate.dll uses DLL side-loading to run when a the non- malicious executable GoogleUpdate.exe is run. goopdate.dll will then de-obfuscate goopdate.dat, which is a PowerShell script used to de- obfuscate and run config.txt. Config.txt is a Powe",
1.0.0,actor--muddywater,artifact--sha256:69e65702a84a8c99a39b9ab2248dde34ba94a2eb0ee582ff5df24c2d64b0a7e8,observation--sha256:573505735a3a5500f02dadd0602d4089ec9d2eb4996abb5f64e5ad31fc4aeac8,command,"containing obfuscated PowerShell script, will then execute. This block of data will be decoded and saved","containing obfuscated PowerShell script, will then execute. This block of data will be decoded and saved",candidate,,unknown,unknown,not-stated,,source--muddywater--77fecc73ab07f06c,muddywater/wp_new_muddywater_findings_uncovered.pdf,"{""page"": 4}",[],[],[],[],0,false,medium,TLP:CLEAR,pdf-text,"3 The threat actor group deployed a new multi-stage PowerShell-based backdoor called POWERSTATS v3. The spear-phishing email that contains a document embedded with a malicious macro will drop a VBE file encoded with Microsoft Script Encoder. The VBE file, which holds a base64-encoded block of data containing obfuscated PowerShell script, will then execute. This block of data will be decoded and saved to the %PUBLIC% directory under various names ending with image file extensions such as .jpeg an",
1.0.0,actor--muddywater,artifact--sha256:a73b44038e4d222b84b9f3facfa46e8df2d0dd3f76ffba91d36102ce54865bb5,observation--sha256:75fbe2cf17f09a4a7ca27eb4d780003498a302f8d06878b3fdb4f911beed72b1,command,"de-obfuscate goopdate.dat, which is a PowerShell script used to de-","de-obfuscate goopdate.dat, which is a PowerShell script used to de-",candidate,,unknown,unknown,not-stated,,source--muddywater--2e79f520fa3d06d8,muddywater/Iranian intel cyber suite of malware uses open source tools.pdf,"{""page"": 2}",[],[],[],[],0,false,medium,TLP:CLEAR,pdf-text,"https://www.cybercom.mil/DesktopModules/ArticleCS/Print.aspx?PortalId=56&ModuleId=4502&Article=2897570 2/3 These three samples are all part of the same PowGoop instance. They were identified in a folder with several other legitimate executables and DLLs. Goopdate.dll uses DLL side-loading to run when a the non- malicious executable GoogleUpdate.exe is run. goopdate.dll will then de-obfuscate goopdate.dat, which is a PowerShell script used to de- obfuscate and run config.txt. Config.txt is a Powe",
1.0.0,actor--muddywater,artifact--sha256:668fabc43b9fc240ae6a5e16be494cdd850669337358d63dc9f9821cd0e7c555,observation--sha256:d61d2e265a5c8b859421d94635897e94d7abf6119b02dd5268ea1b285a246099,command,"in 2017. Another one is CLOUDSTATS, a PowerShell-based backdoor that uses a cloud file hosting","in 2017. Another one is CLOUDSTATS, a PowerShell-based backdoor that uses a cloud file hosting",candidate,2018-03-01T00:00:00Z,month,known,same-record,,source--muddywater--77fecc73ab07f06c,muddywater/wp_new_muddywater_findings_uncovered.pdf,"{""page"": 6}",[],[],[],[],0,false,medium,TLP:CLEAR,pdf-text,"5 Other MuddyWater campaigns that used different payloads and tools Since 2018, the threat actors behind MuddyWater have been actively targeting victims using a variety of methods and techniques, and they seem to keep on adding more as they move forward with new campaigns. The abovementioned campaign that used POWERSTATS v3 is not the only one we found using new tricks. We observed other campaigns with different delivery methods and dropped file types. Notably, these campaigns have also changed ",
1.0.0,actor--muddywater,artifact--sha256:6645f3cc4a783d51bb96ada0f9bd29a677dfa188bc7358eb776f29761d87acbc,observation--sha256:8e3787b3b1aee991cb937506496b8c9c99f2bcb6db9c7eea22924b1404329196,command,malware and obfuscating PowerShell scripts to hide command and control,malware and obfuscating PowerShell scripts to hide command and control,candidate,,unknown,unknown,not-stated,,source--muddywater--2e79f520fa3d06d8,muddywater/Iranian intel cyber suite of malware uses open source tools.pdf,"{""page"": 1}",[],[],[],[],0,false,medium,TLP:CLEAR,pdf-text,"https://www.cybercom.mil/DesktopModules/ArticleCS/Print.aspx?PortalId=56&ModuleId=4502&Article=2897570 1/3 Iranian intel cyber suite of malwareuses open source tools / Published Jan. 12, 2022 FORT MEADE, Md., To better enable defense against malicious cyber actors, U.S. Cyber Command’s Cyber National Mission Force has identified and disclosed multiple open-source tools that Iranian intelligence actors are using in networks around the world. These actors, known as MuddyWater in industry, are part",
1.0.0,actor--muddywater,artifact--sha256:5b1014733119c51e88e4755138d1f4c526e49c0dca14024047938c2c72ce1d57,observation--sha256:46085944a0526345f3b8c60ff7eff3cd22f4be46633ac129a1cf3f51a70701d1,command,obfuscate and run config.txt. Config.txt is a PowerShell script that,obfuscate and run config.txt. Config.txt is a PowerShell script that,candidate,,unknown,unknown,not-stated,,source--muddywater--2e79f520fa3d06d8,muddywater/Iranian intel cyber suite of malware uses open source tools.pdf,"{""page"": 2}",[],[],[],[],0,false,medium,TLP:CLEAR,pdf-text,"https://www.cybercom.mil/DesktopModules/ArticleCS/Print.aspx?PortalId=56&ModuleId=4502&Article=2897570 2/3 These three samples are all part of the same PowGoop instance. They were identified in a folder with several other legitimate executables and DLLs. Goopdate.dll uses DLL side-loading to run when a the non- malicious executable GoogleUpdate.exe is run. goopdate.dll will then de-obfuscate goopdate.dat, which is a PowerShell script used to de- obfuscate and run config.txt. Config.txt is a Powe",
1.0.0,actor--muddywater,artifact--sha256:070dc4624e2edca3b00e12f7415df15ac5d38609e440bfd3dcc9a2520b9bd36e,observation--sha256:e8b8baeb26eb41741e04310f38f7f1ab876dd82c992361abdfff31d79b882ba3,command,"obfuscated VBScript (VBE), JavaScript and PowerShell code.","obfuscated VBScript (VBE), JavaScript and PowerShell code",candidate,,unknown,unknown,not-stated,,source--muddywater--4536dea64d925d9a,muddywater/Clearsky-Iranian-APT-group-‘MuddyWater’-Adds-Exploits-to-Their-Arsenal.pdf,"{""page"": 13}",[],[],[],[],0,false,medium,TLP:CLEAR,pdf-text,"Attack infrastructure analysis - June 2019 © 2019 All rights reserved to Clearsky Security Ltd. www.clearskysec.com - info@clearskysec.com Page 13 of 17 Despite having the file extension 'JPG', it is in fact a Doc file embedded with the following Macro. Similar to the first vector we described, the Macro executed an embedded Excel file via DCOMLaunch: In a similar fashion to previous attacks, two files are created within the 'Temp' folder. These files contain segments of the malicious code used ",
1.0.0,actor--muddywater,artifact--sha256:5d79a38eea2006b0f9c06131c25ef80111d9ec381b16cd0c3bee92b6417f8d45,observation--sha256:17b9e44ddb3b08e0d35ee07ee7089820452eecdcef0a4833f34c0f22c8df9226,command,script to decode another PowerShell script with .txt file extension,script to decode another PowerShell script with .txt file extension,candidate,,unknown,unknown,not-stated,,source--muddywater--2e79f520fa3d06d8,muddywater/Iranian intel cyber suite of malware uses open source tools.pdf,"{""page"": 2}",[],[],[],[],0,false,medium,TLP:CLEAR,pdf-text,"https://www.cybercom.mil/DesktopModules/ArticleCS/Print.aspx?PortalId=56&ModuleId=4502&Article=2897570 2/3 These three samples are all part of the same PowGoop instance. They were identified in a folder with several other legitimate executables and DLLs. Goopdate.dll uses DLL side-loading to run when a the non- malicious executable GoogleUpdate.exe is run. goopdate.dll will then de-obfuscate goopdate.dat, which is a PowerShell script used to de- obfuscate and run config.txt. Config.txt is a Powe",
1.0.0,actor--muddywater,artifact--sha256:9e148a8a2c4dc9d222bb6a49030fc9c1e005a2523caa5c6cd3640f44239c6105,observation--sha256:7455223fc011577e7f2683ca323728fbd82eb5db5310939aa3f729eb19e36b82,command," If there’s no keyword, the malware variant assumes that the input is PowerShell code and"," If there’s no keyword, the malware variant assumes that the input is PowerShell code and",candidate,,unknown,unknown,not-stated,,source--muddywater--77fecc73ab07f06c,muddywater/wp_new_muddywater_findings_uncovered.pdf,"{""page"": 5}",[],[],[],[],0,false,medium,TLP:CLEAR,pdf-text,"4 We were able to look into an instance where the group proceeded to launch a second stage attack. In this scenario, another backdoor was downloaded. The backdoor supports the following commands:  Take screenshots  Command execution via the cmd.exe binary  If there’s no keyword, the malware variant assumes that the input is PowerShell code and executes it via the “Invoke-Expression” cmdlet Figure 6. The code in POWERSTATS v3 (second stage) that handles the screenshot command The C&C communica",
1.0.0,actor--muddywater,artifact--sha256:c357fd49421a5cea8e9105a44a9d409910bbf7e699e5ec5072288ecf8d3445a2,observation--sha256:a6dd3b7e3232d9acf0fac7889a747d8db6c443047b6968709a62dd7f129312bd,file-name,AfghanistanElection.apk,AfghanistanElection.apk,candidate,,unknown,unknown,not-stated,,source--muddywater--77fecc73ab07f06c,muddywater/wp_new_muddywater_findings_uncovered.pdf,"{""page"": 12}",[],[],[],[],0,false,medium,TLP:CLEAR,pdf-text,"11 Figure 15. List of commands supported by the older version of the malicious app The second malware variant is a custom stealer that implements features for stealing call lo gs, contacts, SMS messages, phone information, and screenshots. It posts all stolen data to a Telegram channel. Like the previously mentioned variant, we found hints in the file that shows that it might be a test version. We then discovered shared signed certificates that connect AndroidOS_HiddenApp.SAB and the third malwa",
1.0.0,actor--muddywater,artifact--sha256:dbf2ed4450121366446502baa0f4cc6e7c4e9b00d0c02314b3696a8931e68736,observation--sha256:736fa7b770b3933df11de76b0e040b0fe9f48788b482bfa893a1e48d55baebae,file-name,GoogleUpdate.exe,GoogleUpdate.exe,candidate,,unknown,unknown,not-stated,,source--muddywater--2e79f520fa3d06d8,muddywater/Iranian intel cyber suite of malware uses open source tools.pdf,"{""page"": 2}",[],[],[],[],0,false,medium,TLP:CLEAR,pdf-text,"https://www.cybercom.mil/DesktopModules/ArticleCS/Print.aspx?PortalId=56&ModuleId=4502&Article=2897570 2/3 These three samples are all part of the same PowGoop instance. They were identified in a folder with several other legitimate executables and DLLs. Goopdate.dll uses DLL side-loading to run when a the non- malicious executable GoogleUpdate.exe is run. goopdate.dll will then de-obfuscate goopdate.dat, which is a PowerShell script used to de- obfuscate and run config.txt. Config.txt is a Powe",
1.0.0,actor--muddywater,artifact--sha256:68a4bdac6e5eb39ce5ea7bd24eeeb989393dc3d0f76c0e893822220dfbaeee24,observation--sha256:364970ac8754a68f2ae8a426ea67ce1fa0987458b71637fdeaee5f43887877ab,file-name,Goopdate.dll,Goopdate.dll,candidate,,unknown,unknown,not-stated,,source--muddywater--2e79f520fa3d06d8,muddywater/Iranian intel cyber suite of malware uses open source tools.pdf,"{""page"": 2}",[],[],[],[],0,false,medium,TLP:CLEAR,pdf-text,"https://www.cybercom.mil/DesktopModules/ArticleCS/Print.aspx?PortalId=56&ModuleId=4502&Article=2897570 2/3 These three samples are all part of the same PowGoop instance. They were identified in a folder with several other legitimate executables and DLLs. Goopdate.dll uses DLL side-loading to run when a the non- malicious executable GoogleUpdate.exe is run. goopdate.dll will then de-obfuscate goopdate.dat, which is a PowerShell script used to de- obfuscate and run config.txt. Config.txt is a Powe",
1.0.0,actor--muddywater,artifact--sha256:c6ef80ad0bc17207270a969aca250c3104080121466d564435aca3024b2e1002,observation--sha256:c3b9425fb3c19e5de650c243245f7c3b432ac9050b971067ac21b6a18770f5bd,file-name,Nayatel.server.docx,Nayatel.server.docx,candidate,,unknown,unknown,not-stated,,source--muddywater--4536dea64d925d9a,muddywater/Clearsky-Iranian-APT-group-‘MuddyWater’-Adds-Exploits-to-Their-Arsenal.pdf,"{""page"": 4}",[],[],[],[],0,false,medium,TLP:CLEAR,pdf-text,"Attack infrastructure analysis - June 2019 © 2019 All rights reserved to Clearsky Security Ltd. www.clearskysec.com - info@clearskysec.com Page 4 of 17 Attack Vector 1 – malicious macro It appears that in the recent campaign, the group returned to use (in certain cases) compromised serve rs. They leveraged the servers to host malicious code segment used in the second stage of the attacks; similar to previous operations. Concurrently we identified several files by MuddyWater that targeted various",
1.0.0,actor--muddywater,artifact--sha256:4d6f54f4628197e36cf154e2b8028236872eef9352302a3e4c24e9475439d866,observation--sha256:db6f52e21e62b60df5eaafcb3a386eca15a12a19b38dad5da18e7955ddef841f,file-name,Powershell.exe,Powershell.exe,candidate,,unknown,unknown,not-stated,,source--muddywater--77fecc73ab07f06c,muddywater/wp_new_muddywater_findings_uncovered.pdf,"{""page"": 4}",[],[],[],[],0,false,medium,TLP:CLEAR,pdf-text,"3 The threat actor group deployed a new multi-stage PowerShell-based backdoor called POWERSTATS v3. The spear-phishing email that contains a document embedded with a malicious macro will drop a VBE file encoded with Microsoft Script Encoder. The VBE file, which holds a base64-encoded block of data containing obfuscated PowerShell script, will then execute. This block of data will be decoded and saved to the %PUBLIC% directory under various names ending with image file extensions such as .jpeg an",
1.0.0,actor--muddywater,artifact--sha256:4d6f54f4628197e36cf154e2b8028236872eef9352302a3e4c24e9475439d866,observation--sha256:bef7aa574ff0887631b30d7b5bf442075b11b445f43a429660c52d38406053b7,file-name,Powershell.exe,Powershell.exe,candidate,2018-03-01T00:00:00Z,month,known,same-record,,source--muddywater--77fecc73ab07f06c,muddywater/wp_new_muddywater_findings_uncovered.pdf,"{""page"": 6}",[],[],[],[],0,false,medium,TLP:CLEAR,pdf-text,"5 Other MuddyWater campaigns that used different payloads and tools Since 2018, the threat actors behind MuddyWater have been actively targeting victims using a variety of methods and techniques, and they seem to keep on adding more as they move forward with new campaigns. The abovementioned campaign that used POWERSTATS v3 is not the only one we found using new tricks. We observed other campaigns with different delivery methods and dropped file types. Notably, these campaigns have also changed ",
1.0.0,actor--muddywater,artifact--sha256:b208aa31a0eec1615f530dbaf25d362f0c4fa422282beb299805ff7311df116d,observation--sha256:cffbf17a772d14a7288ce0a9d0de283f5daf32cb3485594873ad885393c43b50,file-name,Print.aspx,Print.aspx,candidate,,unknown,unknown,not-stated,,source--muddywater--2e79f520fa3d06d8,muddywater/Iranian intel cyber suite of malware uses open source tools.pdf,"{""page"": 1}",[],[],[],[],0,false,medium,TLP:CLEAR,pdf-text,"https://www.cybercom.mil/DesktopModules/ArticleCS/Print.aspx?PortalId=56&ModuleId=4502&Article=2897570 1/3 Iranian intel cyber suite of malwareuses open source tools / Published Jan. 12, 2022 FORT MEADE, Md., To better enable defense against malicious cyber actors, U.S. Cyber Command’s Cyber National Mission Force has identified and disclosed multiple open-source tools that Iranian intelligence actors are using in networks around the world. These actors, known as MuddyWater in industry, are part",
1.0.0,actor--muddywater,artifact--sha256:b208aa31a0eec1615f530dbaf25d362f0c4fa422282beb299805ff7311df116d,observation--sha256:df4c818d332fa21520c7674df44dc5134e85330d542e2b40e9d533c4f0dcb055,file-name,Print.aspx,Print.aspx,candidate,,unknown,unknown,not-stated,,source--muddywater--2e79f520fa3d06d8,muddywater/Iranian intel cyber suite of malware uses open source tools.pdf,"{""page"": 2}",[],[],[],[],0,false,medium,TLP:CLEAR,pdf-text,"https://www.cybercom.mil/DesktopModules/ArticleCS/Print.aspx?PortalId=56&ModuleId=4502&Article=2897570 2/3 These three samples are all part of the same PowGoop instance. They were identified in a folder with several other legitimate executables and DLLs. Goopdate.dll uses DLL side-loading to run when a the non- malicious executable GoogleUpdate.exe is run. goopdate.dll will then de-obfuscate goopdate.dat, which is a PowerShell script used to de- obfuscate and run config.txt. Config.txt is a Powe",
1.0.0,actor--muddywater,artifact--sha256:b208aa31a0eec1615f530dbaf25d362f0c4fa422282beb299805ff7311df116d,observation--sha256:88feae04019d996b911c659a7a7eb24931cbbaf268a5f4a917172f9df2099f50,file-name,Print.aspx,Print.aspx,candidate,,unknown,unknown,not-stated,,source--muddywater--2e79f520fa3d06d8,muddywater/Iranian intel cyber suite of malware uses open source tools.pdf,"{""page"": 3}",[],[],[],[],0,false,medium,TLP:CLEAR,pdf-text,https://www.cybercom.mil/DesktopModules/ArticleCS/Print.aspx?PortalId=56&ModuleId=4502&Article=2897570 3/3,
1.0.0,actor--muddywater,artifact--sha256:fa596021d236d28559bafd2aa7f5b7104bb80f3ff975443d37a683ed98328b7b,observation--sha256:d96d2a2e5fd44d37a3179e132a040a2749b267b5752ff1097090b5f6f007a76a,file-name,UNDP_TJK_Agreement_ORGS.doc,UNDP_TJK_Agreement_ORGS.doc,candidate,,unknown,unknown,not-stated,,source--muddywater--4536dea64d925d9a,muddywater/Clearsky-Iranian-APT-group-‘MuddyWater’-Adds-Exploits-to-Their-Arsenal.pdf,"{""page"": 4}",[],[],[],[],0,false,medium,TLP:CLEAR,pdf-text,"Attack infrastructure analysis - June 2019 © 2019 All rights reserved to Clearsky Security Ltd. www.clearskysec.com - info@clearskysec.com Page 4 of 17 Attack Vector 1 – malicious macro It appears that in the recent campaign, the group returned to use (in certain cases) compromised serve rs. They leveraged the servers to host malicious code segment used in the second stage of the attacks; similar to previous operations. Concurrently we identified several files by MuddyWater that targeted various",
1.0.0,actor--muddywater,artifact--sha256:0396d43f026f1c5ecf6af5f7d6a8b8bef3f5975fb665ec7926779a146be36a06,observation--sha256:8b0e5adc83db9c274c0f8cb9efe34c5b4bea757fd38e7851c13f0cdb23cbc26d,file-name,cmd.exe,cmd.exe,candidate,,unknown,unknown,not-stated,,source--muddywater--77fecc73ab07f06c,muddywater/wp_new_muddywater_findings_uncovered.pdf,"{""page"": 5}",[],[],[],[],0,false,medium,TLP:CLEAR,pdf-text,"4 We were able to look into an instance where the group proceeded to launch a second stage attack. In this scenario, another backdoor was downloaded. The backdoor supports the following commands:  Take screenshots  Command execution via the cmd.exe binary  If there’s no keyword, the malware variant assumes that the input is PowerShell code and executes it via the “Invoke-Expression” cmdlet Figure 6. The code in POWERSTATS v3 (second stage) that handles the screenshot command The C&C communica",
1.0.0,actor--muddywater,artifact--sha256:e4a778abeb88cc9919e1f768a2ed069d91b0be599e5587cd2dba0400e23c4f60,observation--sha256:09c85864a6709809f44b40b63b394148fda88ec21d409dad8a3dd5b3eebad866,file-name,game.php,game.php,candidate,,unknown,unknown,not-stated,,source--muddywater--4536dea64d925d9a,muddywater/Clearsky-Iranian-APT-group-‘MuddyWater’-Adds-Exploits-to-Their-Arsenal.pdf,"{""page"": 11}",[],[],[],[],0,false,medium,TLP:CLEAR,pdf-text,"Attack infrastructure analysis - June 2019 © 2019 All rights reserved to Clearsky Security Ltd. www.clearskysec.com - info@clearskysec.com Page 11 of 17 To our understanding, this is an initial script which requests the compromised computer to report back to the attacker a bout processes running on the system. After receiving indication fr om the C2 server (hxxp://185.244.149[.]218/game.php), an encoded base64 output is sent to the attacker about these processes: Afterwards, similarly to other f",
1.0.0,actor--muddywater,artifact--sha256:5610b0995f6e850301f72cda2aa10bde51842d530615a2e4757e3e2c14ad5635,observation--sha256:a953088603e4a356f53abae76a0087a3d8ac320db86abb072b1ea7262d2688cd,file-name,goopdate.dat,goopdate.dat,candidate,,unknown,unknown,not-stated,,source--muddywater--2e79f520fa3d06d8,muddywater/Iranian intel cyber suite of malware uses open source tools.pdf,"{""page"": 2}",[],[],[],[],0,false,medium,TLP:CLEAR,pdf-text,"https://www.cybercom.mil/DesktopModules/ArticleCS/Print.aspx?PortalId=56&ModuleId=4502&Article=2897570 2/3 These three samples are all part of the same PowGoop instance. They were identified in a folder with several other legitimate executables and DLLs. Goopdate.dll uses DLL side-loading to run when a the non- malicious executable GoogleUpdate.exe is run. goopdate.dll will then de-obfuscate goopdate.dat, which is a PowerShell script used to de- obfuscate and run config.txt. Config.txt is a Powe",
1.0.0,actor--muddywater,artifact--sha256:6b82fd78e23a936bbe9eec41e040e5880234fd3f4d9a5b754596739e56f5d8d4,observation--sha256:2d01b8da8ab238f1adeb3ce51de21222956d8062e9c39789f2d3e9c9de69f84c,file-name,goopdate.dll,goopdate.dll,candidate,,unknown,unknown,not-stated,,source--muddywater--2e79f520fa3d06d8,muddywater/Iranian intel cyber suite of malware uses open source tools.pdf,"{""page"": 2}",[],[],[],[],0,false,medium,TLP:CLEAR,pdf-text,"https://www.cybercom.mil/DesktopModules/ArticleCS/Print.aspx?PortalId=56&ModuleId=4502&Article=2897570 2/3 These three samples are all part of the same PowGoop instance. They were identified in a folder with several other legitimate executables and DLLs. Goopdate.dll uses DLL side-loading to run when a the non- malicious executable GoogleUpdate.exe is run. goopdate.dll will then de-obfuscate goopdate.dat, which is a PowerShell script used to de- obfuscate and run config.txt. Config.txt is a Powe",
1.0.0,actor--muddywater,artifact--sha256:dd3f472cfe07c633c7b12ced491b34de5e751b7ee3b6ba960550dc4d181941e3,observation--sha256:850630c63ddf697b1f8b27d28b5a3a9e2fa748293844c90669c529b911c813ac,file-name,libpcre2-8-0.dll,libpcre2-8-0.dll,candidate,,unknown,unknown,not-stated,,source--muddywater--2e79f520fa3d06d8,muddywater/Iranian intel cyber suite of malware uses open source tools.pdf,"{""page"": 2}",[],[],[],[],0,false,medium,TLP:CLEAR,pdf-text,"https://www.cybercom.mil/DesktopModules/ArticleCS/Print.aspx?PortalId=56&ModuleId=4502&Article=2897570 2/3 These three samples are all part of the same PowGoop instance. They were identified in a folder with several other legitimate executables and DLLs. Goopdate.dll uses DLL side-loading to run when a the non- malicious executable GoogleUpdate.exe is run. goopdate.dll will then de-obfuscate goopdate.dat, which is a PowerShell script used to de- obfuscate and run config.txt. Config.txt is a Powe",
1.0.0,actor--muddywater,artifact--sha256:5180afe04c2e57da506e57f2acb85f3514c5dc0882bf3e030687316665750d53,observation--sha256:42215214869897dd3c0da82b7380ff7c94d298e80959af9660bbd79db5c07ff4,file-name,main.php,main.php,candidate,,unknown,unknown,not-stated,,source--muddywater--77fecc73ab07f06c,muddywater/wp_new_muddywater_findings_uncovered.pdf,"{""page"": 25}",[],[],[],[],0,false,medium,TLP:CLEAR,pdf-text,24 amazo0n[.]serveftp[.]com/Data zstoreshoping[.]ddns[.]net/Data/ hxxp://zstoreshoping[.]ddns[.]net/users[.]php?tname= shopcloths[.]ddns[.]net getgooogle[.]hopto[.]org hxxp://gladiyator[.]tk googleads[.]hopto[.]org hxxp://www[.]shareliverpoolfc[.]co[.]uk/js/main.php hxxp://valis-ti[.]cl/assets/main[.]php hxxp://www[.]latvia-usa[.]org/wp- includes/customize/main.php hxxp://www[.]shareliverpoolfc[.]co[.]uk/js/main[.]php hxxp://valis-ti[.]cl/assets/main[.]php hxxp://www[.]latvia-usa[.]org/wp- inclu,
1.0.0,actor--muddywater,artifact--sha256:99c9225d8b165bd240dfa3f1d9062dde74ea45ea9c5f314b17789134c4218e49,observation--sha256:7d13f7e236bd976977b66b312f8ff62517f477502afeb14e66c9335d26bd874e,file-name,regsvr32.dll,regsvr32.dll,candidate,,unknown,unknown,not-stated,,source--muddywater--2e79f520fa3d06d8,muddywater/Iranian intel cyber suite of malware uses open source tools.pdf,"{""page"": 2}",[],[],[],[],0,false,medium,TLP:CLEAR,pdf-text,"https://www.cybercom.mil/DesktopModules/ArticleCS/Print.aspx?PortalId=56&ModuleId=4502&Article=2897570 2/3 These three samples are all part of the same PowGoop instance. They were identified in a folder with several other legitimate executables and DLLs. Goopdate.dll uses DLL side-loading to run when a the non- malicious executable GoogleUpdate.exe is run. goopdate.dll will then de-obfuscate goopdate.dat, which is a PowerShell script used to de- obfuscate and run config.txt. Config.txt is a Powe",
1.0.0,actor--muddywater,artifact--sha256:3ee531e6721c63e50655ed3213ec456c33012e81203a27eaefc4210011a1499e,observation--sha256:0d3fc1fd7e8a76f2c5e3d2bf5125558a9f0db09fae99b1f5f892e0d31a07b387,file-name,vcruntime140.dll,vcruntime140.dll,candidate,,unknown,unknown,not-stated,,source--muddywater--2e79f520fa3d06d8,muddywater/Iranian intel cyber suite of malware uses open source tools.pdf,"{""page"": 2}",[],[],[],[],0,false,medium,TLP:CLEAR,pdf-text,"https://www.cybercom.mil/DesktopModules/ArticleCS/Print.aspx?PortalId=56&ModuleId=4502&Article=2897570 2/3 These three samples are all part of the same PowGoop instance. They were identified in a folder with several other legitimate executables and DLLs. Goopdate.dll uses DLL side-loading to run when a the non- malicious executable GoogleUpdate.exe is run. goopdate.dll will then de-obfuscate goopdate.dat, which is a PowerShell script used to de- obfuscate and run config.txt. Config.txt is a Powe",
1.0.0,actor--muddywater,artifact--sha256:433a26e61115a34713805f17b934573502d64310aac6e9540e2917178284f89e,observation--sha256:07f36a39cd4262ee275b276fc15052d20eafc2af50983ef2ddb02b30746a359d,registry-key,HKLM\SOFTWARE\NFC,HKLM\SOFTWARE\NFC,candidate,,unknown,unknown,not-stated,,source--muddywater--2e79f520fa3d06d8,muddywater/Iranian intel cyber suite of malware uses open source tools.pdf,"{""page"": 2}",[],[],[],[],0,false,medium,TLP:CLEAR,pdf-text,"https://www.cybercom.mil/DesktopModules/ArticleCS/Print.aspx?PortalId=56&ModuleId=4502&Article=2897570 2/3 These three samples are all part of the same PowGoop instance. They were identified in a folder with several other legitimate executables and DLLs. Goopdate.dll uses DLL side-loading to run when a the non- malicious executable GoogleUpdate.exe is run. goopdate.dll will then de-obfuscate goopdate.dat, which is a PowerShell script used to de- obfuscate and run config.txt. Config.txt is a Powe",
1.0.0,actor--muddywater,artifact--sha256:a5366773778a08ba717e73f7cc1d006ac7d87035d76df7faab307c302d060b49,observation--sha256:3ece2fa68cdd21358a3c12007f67daa8c70f748f4725684c4fb9a3c216a3efc3,file-name,Game.exe,Game.exe,confirmed,2026-05-07T00:00:00Z,day,known,daily-ioc-date,2026-05-07T00:00:00Z,source--daily-f760c7a2efdf8be3ce1f,https://github.com/proshiba/tech-memo/blob/429ef539242eb4b372f95697a12590096bc07c3e/daily-news/news/2026_04-06/20260507.md,"{""commit"": ""429ef539242eb4b372f95697a12590096bc07c3e"", ""path"": ""daily-news/news/2026_04-06/20260507.md"", ""repository"": ""proshiba/tech-memo""}","[""activity--daily-ca7746d7137a946f73ac""]",[],[],[],1,false,medium,TLP:CLEAR,tech-memo-reviewed-artifact,daily IOC malware field: Game.exe,daily record: daily-record--71413e9af8d20694d02db788
1.0.0,actor--muddywater,artifact--sha256:cfbc011b754450775a8b50b36bcb2f18f344d683a10537fe8dd7d677ec8befe5,observation--sha256:dbc5adc22f1ccd50d5bad66f978b00a9a254bf37751506ff021ce0be67032299,file-name,ms_upd.exe,ms_upd.exe,confirmed,2026-05-07T00:00:00Z,day,known,daily-ioc-date,2026-05-07T00:00:00Z,source--daily-f760c7a2efdf8be3ce1f,https://github.com/proshiba/tech-memo/blob/429ef539242eb4b372f95697a12590096bc07c3e/daily-news/news/2026_04-06/20260507.md,"{""commit"": ""429ef539242eb4b372f95697a12590096bc07c3e"", ""path"": ""daily-news/news/2026_04-06/20260507.md"", ""repository"": ""proshiba/tech-memo""}","[""activity--daily-ca7746d7137a946f73ac""]",[],[],[],1,false,medium,TLP:CLEAR,tech-memo-reviewed-artifact,daily IOC malware field: ms_upd.exe,daily record: daily-record--71413e9af8d20694d02db788
1.0.0,actor--muddywater,artifact--sha256:406c03443e9ca37f9caadcef6fed9283e10a5d5cb2766693f73f55c956d84281,observation--sha256:1f5f854ae5e28cf27ead2f077c46c36db8060044b99258e6ea2dc499423c6db6,file-name,DIDS.exe,DIDS.exe,confirmed,2026-05-07T00:00:00Z,day,known,daily-ioc-date,2026-05-07T00:00:00Z,source--daily-f760c7a2efdf8be3ce1f,https://github.com/proshiba/tech-memo/blob/429ef539242eb4b372f95697a12590096bc07c3e/daily-news/news/2026_04-06/20260507.md,"{""commit"": ""429ef539242eb4b372f95697a12590096bc07c3e"", ""path"": ""daily-news/news/2026_04-06/20260507.md"", ""repository"": ""proshiba/tech-memo""}","[""activity--daily-ca7746d7137a946f73ac""]",[],[],[],1,false,medium,TLP:CLEAR,tech-memo-reviewed-artifact,daily IOC malware field: DIDS.exe,daily record: daily-record--71413e9af8d20694d02db788
1.0.0,actor--muddywater,artifact--sha256:f7e9f650697dd6408bb2c1c162d02b4f5b23673bad39fe767ba5dd94ed0dad73,observation--sha256:29d0a138c3535d4011ce6e4668f1fd9b59c28456b9e5c462af491dced29effce,file-name,WebView2.exe,WebView2.exe,confirmed,2026-05-07T00:00:00Z,day,known,daily-ioc-date,2026-05-07T00:00:00Z,source--daily-f760c7a2efdf8be3ce1f,https://github.com/proshiba/tech-memo/blob/429ef539242eb4b372f95697a12590096bc07c3e/daily-news/news/2026_04-06/20260507.md,"{""commit"": ""429ef539242eb4b372f95697a12590096bc07c3e"", ""path"": ""daily-news/news/2026_04-06/20260507.md"", ""repository"": ""proshiba/tech-memo""}","[""activity--daily-ca7746d7137a946f73ac""]",[],[],[],1,false,medium,TLP:CLEAR,tech-memo-reviewed-artifact,daily IOC malware field: WebView2.exe,daily record: daily-record--71413e9af8d20694d02db788
