schema_version,actor_ref,artifact_id,observation_id,artifact_type,value,normalized_value,disposition,observed_at,observed_at_precision,observed_at_status,observed_at_basis,source_published_at,source_id,source_path,source_location,campaign_refs,malware_refs,infrastructure_refs,roles,campaign_count,seen_in_multiple_campaigns,confidence,tlp,extraction_method,context_excerpt,analyst_notes
1.0.0,actor--apt-14,artifact--sha256:da7ec4f5205088a142b6a6d861dd714bbc8f64f1672881cd4001d4266d42faa9,observation--sha256:251b3a87b2cef898c5713661ec5b414bd17414c370d204271d11785972504b16,file-name,A_Threat_Actor_Encyclopedia.pdf,A_Threat_Actor_Encyclopedia.pdf,candidate,,unknown,unknown,not-stated,,source--apt-14--e2ef53b956bf1833,actor_profile/evidence/apt-14.csv,"{""row"": 2}",[],[],[],[],0,false,medium,TLP:CLEAR,csv-row,"A_Threat_Actor_Encyclopedia.pdf {""page"": 11} APT 14 Threat Group Cards: A Threat Actor Encyclopedia 11 Anchor Panda, APT 14 Names Anchor Panda (CrowdStrike) APT 14 (Mandiant) Aluminium (Microsoft) QAZTeam Country China Sponsor State-sponsored, PLA Navy Motivation Information theft and espionage Description (CrowdStrike) Anchor Panda",
1.0.0,actor--apt-14,artifact--sha256:da7ec4f5205088a142b6a6d861dd714bbc8f64f1672881cd4001d4266d42faa9,observation--sha256:cf2fce42232b399dc1664469a6d44299c85e8f1af8424afd2c3f6ff914fc99b7,file-name,A_Threat_Actor_Encyclopedia.pdf,A_Threat_Actor_Encyclopedia.pdf,candidate,,unknown,unknown,not-stated,,source--apt-14--e2ef53b956bf1833,actor_profile/evidence/apt-14.csv,"{""row"": 3}",[],[],[],[],0,false,medium,TLP:CLEAR,csv-row,"A_Threat_Actor_Encyclopedia.pdf {""page"": 11} APT 14 Threat Group Cards: A Threat Actor Encyclopedia 11 Anchor Panda, APT 14 Names Anchor Panda (CrowdStrike) APT 14 (Mandiant) Aluminium (Microsoft) QAZTeam Country China Sponsor State-sponsored, PLA Navy Motivation Information theft and espionage Description (CrowdStrike) Anchor Panda is an adversary that CrowdStrike has track",
1.0.0,actor--apt-14,artifact--sha256:da7ec4f5205088a142b6a6d861dd714bbc8f64f1672881cd4001d4266d42faa9,observation--sha256:cf86f87b7f2235eb780d98a6750ed164631e359971a5243ab1b6db0029f42b49,file-name,A_Threat_Actor_Encyclopedia.pdf,A_Threat_Actor_Encyclopedia.pdf,candidate,,unknown,unknown,not-stated,,source--apt-14--e2ef53b956bf1833,actor_profile/evidence/apt-14.csv,"{""row"": 4}",[],[],[],[],0,false,medium,TLP:CLEAR,csv-row,"A_Threat_Actor_Encyclopedia.pdf {""page"": 2} APT 14 ......................................... 9 Advanced Persistent Threat (APT) Groups .................................................................................................................... 10 Anchor Panda, APT 14 .................................................................................................................................................. 11 Allanite ...........................................................",
1.0.0,actor--apt-14,artifact--sha256:e6c1b8b92494d4f04965e7db04f88af86f5a6ce94db19e9625a99c2301bf2dad,observation--sha256:24721e2f31a652680db8ed5ed27bb59581f224dbf0c4fe5e71d66d322b156beb,file-name,Cards.pdf,Cards.pdf,candidate,,unknown,unknown,not-stated,,source--apt-14--e2ef53b956bf1833,actor_profile/evidence/apt-14.csv,"{""row"": 5}",[],[],[],[],0,false,medium,TLP:CLEAR,csv-row,"Threat Group Cards.pdf {""page"": 11} APT 14 Threat Group Cards: A Threat Actor Encyclopedia 11 Anchor Panda, APT 14 Names Anchor Panda (CrowdStrike) APT 14 (Mandiant) Aluminium (Microsoft) QAZTeam Country China Sponsor State-sponsored, PLA Navy Motivation Information theft and espionage Description (CrowdStrike) Anchor Panda",
1.0.0,actor--apt-14,artifact--sha256:e6c1b8b92494d4f04965e7db04f88af86f5a6ce94db19e9625a99c2301bf2dad,observation--sha256:2c517b97cbe9f35f79aad8176eda439218133466919f6c66252d87a0adafe2ab,file-name,Cards.pdf,Cards.pdf,candidate,,unknown,unknown,not-stated,,source--apt-14--e2ef53b956bf1833,actor_profile/evidence/apt-14.csv,"{""row"": 6}",[],[],[],[],0,false,medium,TLP:CLEAR,csv-row,"Threat Group Cards.pdf {""page"": 11} APT 14 Threat Group Cards: A Threat Actor Encyclopedia 11 Anchor Panda, APT 14 Names Anchor Panda (CrowdStrike) APT 14 (Mandiant) Aluminium (Microsoft) QAZTeam Country China Sponsor State-sponsored, PLA Navy Motivation Information theft and espionage Description (CrowdStrike) Anchor Panda is an adversary that CrowdStrike has track",
1.0.0,actor--apt-14,artifact--sha256:e6c1b8b92494d4f04965e7db04f88af86f5a6ce94db19e9625a99c2301bf2dad,observation--sha256:26b9b9773e59ff9c5417dd21d8b7d1c1dcf8e22688c2cce4f83cd78e9d0ddbe5,file-name,Cards.pdf,Cards.pdf,candidate,,unknown,unknown,not-stated,,source--apt-14--e2ef53b956bf1833,actor_profile/evidence/apt-14.csv,"{""row"": 7}",[],[],[],[],0,false,medium,TLP:CLEAR,csv-row,"Threat Group Cards.pdf {""page"": 2} APT 14 ................................................................... 9 Advanced Persistent Threat (APT) Groups .......................................................................................... 10 Anchor Panda, APT 14 ........................................................................................................................ 11 Allanite .....................................................................................",
1.0.0,actor--apt-14,artifact--sha256:68284fdf0e198dea0aeabba30be30dbf9988d3453b2f271d38569ae99645fd86,observation--sha256:e2a6c101f4ab36db6967fcc978cbb8d60a4bff3b9fd280aa139127eee87ed7c6,file-name,Threat_Group_Cards_v2.0.pdf,Threat_Group_Cards_v2.0.pdf,candidate,,unknown,unknown,not-stated,,source--apt-14--e2ef53b956bf1833,actor_profile/evidence/apt-14.csv,"{""row"": 10}",[],[],[],[],0,false,medium,TLP:CLEAR,csv-row,"Threat_Group_Cards_v2.0.pdf {""page"": 2} APT 14 .............. 14 Allanite ............................................................................................................................................................................. 16 Anchor Panda, APT 14 .................................................................................................................................................. 17 APT 3, Gothic Panda, Buckeye .......................................",
1.0.0,actor--apt-14,artifact--sha256:68284fdf0e198dea0aeabba30be30dbf9988d3453b2f271d38569ae99645fd86,observation--sha256:69db4cbbbcf29e141d037fb1767c45abd2dcb3c309635438e0f939f156e43bfc,file-name,Threat_Group_Cards_v2.0.pdf,Threat_Group_Cards_v2.0.pdf,candidate,,unknown,unknown,not-stated,,source--apt-14--e2ef53b956bf1833,actor_profile/evidence/apt-14.csv,"{""row"": 8}",[],[],[],[],0,false,medium,TLP:CLEAR,csv-row,"Threat_Group_Cards_v2.0.pdf {""page"": 17} APT 14 Threat Group Cards: A Threat Actor Encyclopedia 17 Anchor Panda, APT 14 Names Anchor Panda (CrowdStrike) APT 14 (Mandiant) Aluminum (Microsoft) QAZTeam Country China Sponsor State-sponsored, PLA Navy Motivation Information theft and espionage First seen 2012 Description (CrowdStrik",
1.0.0,actor--apt-14,artifact--sha256:68284fdf0e198dea0aeabba30be30dbf9988d3453b2f271d38569ae99645fd86,observation--sha256:ae6cc81c941d73bc3df65bbd298e0fd4c7427353378bc2085f1b022f72ebacb2,file-name,Threat_Group_Cards_v2.0.pdf,Threat_Group_Cards_v2.0.pdf,candidate,,unknown,unknown,not-stated,,source--apt-14--e2ef53b956bf1833,actor_profile/evidence/apt-14.csv,"{""row"": 9}",[],[],[],[],0,false,medium,TLP:CLEAR,csv-row,"Threat_Group_Cards_v2.0.pdf {""page"": 17} APT 14 Threat Group Cards: A Threat Actor Encyclopedia 17 Anchor Panda, APT 14 Names Anchor Panda (CrowdStrike) APT 14 (Mandiant) Aluminum (Microsoft) QAZTeam Country China Sponsor State-sponsored, PLA Navy Motivation Information theft and espionage First seen 2012 Description (CrowdStrike) Anchor Panda is an adversary that Crowd",
