actor_id,canonical_name,mitre_group_id,is_profiled,catalog_slugs,mention_source_count,mention_count,aliases
actor-census--mitre:G1030,Agrius,G1030,true,"[""agrius""]",24,75,"[""Agonizing Serpens"", ""Agrius"", ""AMERICIUM"", ""BlackShadow"", ""Deadwood"", ""DEV-0227 (AMERICIUM)"", ""Pink Sandstorm"", ""SharpBoys""]"
actor-census--sha256:2f183a4e64493af3f377f745eda502363cd3e7ef6e4d266d444758de0a85fcc8,Anonymous,,true,"[""anonymous""]",49,131,"[""Anonymous""]"
actor-census--mitre:G1028,APT-C-23,G1028,true,"[""arid-viper""]",32,96,"[""APT-C-23"", ""APT_C_23"", ""Arid Viper"", ""AridViper"", ""Big Bang APT"", ""Desert Falcon"", ""Grey Karkadann"", ""Mantis"", ""TAG-63"", ""Two-tailed Scorpion""]"
actor-census--mitre:G0099,APT-C-36,G0099,true,"[""blind-eagle""]",23,60,"[""AguilaCiega"", ""APT-C-36"", ""APT-Q-98"", ""Blind Eagle"", ""TAG-144""]"
actor-census--mitre:G0007,APT28,G0007,true,"[""apt28""]",142,528,"[""APT28"", ""Fancy Bear"", ""Forest Blizzard"", ""FROZENLAKE"", ""Grizzly Steppe"", ""Group 74"", ""GruesomeLarch"", ""IRON TWILIGHT"", ""Pawn Storm"", ""Sednit"", ""SIG40"", ""SNAKEMACKEREL"", ""Sofacy"", ""STRONTIUM"", ""Strontium"", ""Swallowtail"", ""TG-4127"", ""Threat Group-4127"", ""Tsar Team""]"
actor-census--mitre:G0016,APT29,G0016,true,"[""apt29""]",120,449,"[""APT29"", ""Blue Kitsune"", ""Cozer"", ""Cozy Bear"", ""Cozy Duke"", ""CozyCar"", ""CozyDuke"", ""Dark Halo"", ""Dukes"", ""EuroAPT"", ""Fritillary"", ""Group 100"", ""Hammer Toss"", ""IRON HEMLOCK"", ""IRON RITUAL"", ""Midnight Blizzard"", ""Minidionis"", ""NOBELIUM"", ""NobleBaron"", ""Office Monkeys / TEMP.Monkeys"", ""SeaDuke"", ""Silver Fish"", ""SolarStorm"", ""StellarParticle"", ""The Dukes"", ""UNC2452"", ""UNC3524"", ""YTTRIUM"", ""Yttrium / StellarParticle / UNC3524 / Cranefly""]"
actor-census--mitre:G0022,APT3,G0022,true,"[""apt3""]",12,40,"[""APT3"", ""Boyusec – the Guangzhou Boyu Information Technology Company"", ""Buckeye"", ""Gothic Panda"", ""Group 6"", ""Pirpi"", ""TG-0110"", ""Threat Group-0110"", ""UPS Team""]"
actor-census--mitre:G0050,APT32,G0050,true,"[""oceanlotus""]",46,157,"[""APT-C-00"", ""APT32"", ""BISMUTH"", ""Canvas Cyclone"", ""CyberOne Security, CyberOne Technologies, Hành Tinh Company Limited, Planet and Diacauso"", ""Ocean Lotus"", ""OceanLotus"", ""SeaLotus"", ""SectorF01""]"
actor-census--mitre:G0067,APT37,G0067,true,"[""apt37""]",71,257,"[""APT37"", ""Group123"", ""InkySquid"", ""Reaper"", ""Ricochet Chollima"", ""ScarCruft"", ""TEMP.Reaper""]"
actor-census--sha256:4c8e2dafe7fb4371851ff5e97f95bd09007c9e3eaa219045189d6aa53780b42c,APT37,,true,"[""apt37""]",81,273,"[""APT37"", ""Group 123"", ""Reaper"", ""Red Eyes"", ""Ricochet Chollima"", ""ScarCruft"", ""THALLIUM"", ""Venus 121 (금성121)""]"
actor-census--mitre:G0087,APT39,G0087,true,"[""apt39""]",18,60,"[""APT39"", ""Cadelle"", ""Chafer"", ""ITG07"", ""Rana"", ""Remix Kitten""]"
actor-census--mitre:G0096,APT41,G0096,true,"[""apt41""]",43,132,"[""APT41"", ""BARIUM"", ""Brass Typhoon"", ""Wicked Panda""]"
actor-census--sha256:7f40f4c9607cd232ef9e0f6fc027f557a3d618cad9b53435812cb304646d32ec,APT43,,true,"[""apt43"", ""kimsuky""]",97,357,"[""APT43"", ""Kimsuky""]"
actor-census--sha256:aa14b9b59ffa8e8f55d12212cf613e77f4a1bae7650bc34a607667149daa619c,BadMagic,,true,"[""badmagic""]",0,0,"[""BadMagic""]"
actor-census--mitre:G1002,BITTER,G1002,true,"[""bitter""]",35,122,"[""APT-C-08"", ""Bitter"", ""BITTER"", ""Manling Flower (Manlinghua)"", ""T-APT-17""]"
actor-census--mitre:G0098,BlackTech,G0098,true,"[""blacktech""]",16,42,"[""BlackTech"", ""G0098"", ""Palmerworm"", ""Phantom of Routers""]"
actor-census--sha256:f9ef9b00aadfea0f896c49917cd0be013a9ea8efccced285e943977706e7ba06,Brass Typhoon,,true,"[""apt41""]",40,121,"[""APT41"", ""BARIUM"", ""Brass Typhoon""]"
actor-census--mitre:G0060,BRONZE BUTLER,G0060,true,"[""tick""]",17,59,"[""BRONZE BUTLER"", ""REDBALDKNIGHT"", ""Tick""]"
actor-census--sha256:68fbf4b1ad6d8b0572870bbdd6420a91a73ef4d293f054bffbd54b3ef19fef0c,BuhTrap,,true,"[""buhtrap""]",7,26,"[""Buhtrap"", ""BuhTrap"", ""Ratopak""]"
actor-census--sha256:d2f8f1ac504b969243dfec735c5ce897c40dc6f7f49c6d6b90bd06920a96cd29,Caramel Tsunami,,true,"[""candiru""]",17,46,"[""Candiru"", ""Caramel Tsunami"", ""SOURGUM""]"
actor-census--mitre:G0008,Carbanak,G0008,true,"[""carbanak""]",17,44,"[""Anunak"", ""Carbanak"", ""Carbanak Group"", ""Carbon Spider""]"
actor-census--sha256:83d152812bf09572a346dd563dd0d4611ed3256980e72cd7a2a3d64ef436733e,Cellebrite,,true,"[""cellebrite""]",5,18,"[""Cellebrite""]"
actor-census--mitre:G0142,Confucius,G0142,true,"[""confucius""]",27,79,"[""Confucius"", ""Confucius APT""]"
actor-census--sha256:48dba4d0474923b9669dff7db7487211dca1870102762a7a2ffcf65a092fb973,Crimson Sandstorm,,true,"[""tortoiseshell""]",16,37,"[""Crimson Sandstorm"", ""CURIUM"", ""TA456"", ""Tortoise Shell""]"
actor-census--mitre:G1012,CURIUM,G1012,true,"[""tortoiseshell""]",16,38,"[""Crimson Sandstorm"", ""CURIUM"", ""TA456"", ""Tortoise Shell"", ""Tortoiseshell"", ""Yellow Liderc""]"
actor-census--sha256:73f0cf83b000080d46302070318f7bb6d035e014446c7eb06dcc3c201000d2a8,Cytrox,,true,"[""cytrox""]",14,41,"[""Cytrox""]"
actor-census--mitre:G0012,Darkhotel,G0012,true,"[""darkhotel""]",34,118,"[""APT-C-06, SHADOW CRANE, T-APT-02, SIG25 (NSA)"", ""Dark Hotel"", ""Darkhotel"", ""DarkHotel"", ""DUBNIUM"", ""Dubnium (Microsoft)"", ""Karba"", ""Luder"", ""Nemim"", ""Tapaoux"", ""Tardigrade Spider"", ""Zigzag Hail""]"
actor-census--mitre:G0009,Deep Panda,G0009,true,"[""winnti""]",21,70,"[""APT19"", ""Black Vine"", ""Deep Panda"", ""Group 13"", ""KungFu Kittens"", ""PinkPanther"", ""Sh3llCr3w"", ""Shell Crew"", ""WebMasters"", ""Winnti Group""]"
actor-census--sha256:eefee5860d2c37e007549505f5f6cd8baf3690cea682d2858dd250b3e51bd6d5,Donot Team,,true,"[""donot-team""]",23,58,"[""APT-C-35"", ""APTC35"", ""Donot Team"", ""SectorE02""]"
actor-census--sha256:525cf859a59ca0355e6aecb4b758028494c18bcaed38766209ae52e2d3f9b08a,DPRK IT Worker Schemes,,true,"[""dprk-it-workers""]",1,1,"[""DPRK IT Worker Schemes""]"
actor-census--sha256:bbaf4f15722b5a6f2f342fa6c870c1787441bdb8f428769ebde8b1f86835b5f3,Emerald Sleet,,true,"[""kimsuky""]",95,360,"[""Emerald Sleet"", ""Kimsuky"", ""THALLIUM"", ""Velvet Chollima""]"
actor-census--mitre:G0020,Equation,G0020,true,"[""equation-group""]",24,73,"[""Equation"", ""Equation Group""]"
actor-census--sha256:498b060629a790bca8d3888787e55baee8174255983856313a6cb18c77e00fdf,Equation Group,,true,"[""equation-group""]",15,47,"[""EQGRP"", ""Equation Group"", ""Housefly"", ""Remsec"", ""Tilded Team""]"
actor-census--sha256:7cc2494079eff18082de0bb8b85958e08ed05c04e9d237287dd1db83b325891c,FIN7,,true,"[""carbanak""]",37,124,"[""Anunak"", ""Carbanak"", ""Carbon Spider"", ""FIN7""]"
actor-census--mitre:G0047,Gamaredon Group,G0047,true,"[""gamaredon""]",76,303,"[""ACTINIUM"", ""Aqua Blizzard"", ""Armageddon"", ""BlueAlpha"", ""DEV-0157"", ""FSB 16th & 18th Centers"", ""Gamaredon"", ""Gamaredon Group"", ""IRON TILDEN"", ""Iron Tilden"", ""NastyShrew"", ""Primitive Bear"", ""Shuckworm"", ""Trident Ursa"", ""UNC530""]"
actor-census--sha256:ba2439b2de3f9d49e8bf4a0d6dbb905c9a271f835dd8016ebc67adfadbb88f73,Hazel Sandstorm,,true,"[""apt34""]",52,173,"[""APT34"", ""Cobalt Gypsy"", ""EUROPIUM"", ""Hazel Sandstorm"", ""OilRig""]"
actor-census--sha256:683e664a6df1764d85b3eaa0541450ab729df1f47c2b142bfe5e5acd592defbe,Intellexa,,true,"[""intellexa""]",17,48,"[""Intellexa""]"
actor-census--sha256:499d8ab5c627d3c25bd0f19ee018473737c69508821f59f3ccbe6da5c1e1e138,Kimsuki,,true,"[""kimsuky""]",95,352,"[""CloudDragon"", ""Kimsuki"", ""Kimsuky"", ""TA406 (Proofpoint)"", ""Thallium"", ""Velvet Chollima""]"
actor-census--mitre:G0094,Kimsuky,G0094,true,"[""apt43"", ""kimsuky""]",103,398,"[""APT43"", ""Archipelago"", ""Black Banshee"", ""Earth Kumiho"", ""Emerald Sleet"", ""Kimsuky"", ""PatheticSlug"", ""Springtail"", ""TA427"", ""THALLIUM"", ""Velvet Chollima""]"
actor-census--mitre:G0032,Lazarus Group,G0032,true,"[""lazarus""]",131,487,"[""Appleworm"", ""Bureau 121"", ""Diamond Sleet"", ""Group 77"", ""Guardians of Peace"", ""Hastati Group"", ""HIDDEN COBRA"", ""Hidden Cobra"", ""Labyrinth Chollima"", ""Lazarus"", ""Lazarus Group"", ""NewRomanic Cyber Army Team"", ""Nickel Academy"", ""NICKEL ACADEMY"", ""Unit 121"", ""Whois Hacking Team"", ""ZINC""]"
actor-census--sha256:13b0b47ce18fffb01308bab4d563f33ce506b1d0bd15e9356286e17455dd36b3,London Blue,,true,"[""london-blue""]",2,6,"[""London Blue""]"
actor-census--mitre:G0095,Machete,G0095,true,"[""machete""]",13,54,"[""APT-C-43"", ""El Machete"", ""Machete"", ""Ragua""]"
actor-census--sha256:fe2b3172e7b9a2f702a2dec901e326a4f45ca3c39b4c9abb58d599c4f16f8896,Magecart,,true,"[""magecart""]",10,27,"[""Magecart""]"
actor-census--mitre:G0059,Magic Hound,G0059,true,"[""charming-kitten"", ""tortoiseshell""]",75,274,"[""Ajax Security Team"", ""APT33"", ""APT35"", ""Charming Kitten"", ""COBALT GYPSY"", ""COBALT ILLUSION"", ""Cutting Kitten"", ""DireFate"", ""Elfin"", ""Flying Kitten"", ""Ghambar"", ""Group 26"", ""Group 83"", ""Holmium"", ""iKittens"", ""Imperial Kitten"", ""ITG18"", ""ITSecTeam"", ""Magic Hound"", ""MAGNALLIUM"", ""Mint Sandstorm"", ""Nemesis Kitten"", ""NewsBeef"", ""NEWSCASTER"", ""Newscaster"", ""Parastoo"", ""PHOSPHORUS"", ""Phosphorus"", ""Refined Kitten"", ""Rocket Kitten"", ""Saffron Rose"", ""TA453"", ""TEMP.Beanie"", ""TG-2889"", ""Timberworm"", ""Tortoiseshell""]"
actor-census--mitre:G1013,Metador,G1013,true,"[""metador""]",5,15,"[""Metador""]"
actor-census--mitre:G0021,Molerats,G0021,true,"[""molerats""]",19,57,"[""ALUMINUM SARATOGA"", ""Gaza cyber gang"", ""Gaza Cybergang"", ""Gaza Hacker Team"", ""MITRE: G0021"", ""Molerats"", ""Operation Molerats""]"
actor-census--mitre:G0069,MuddyWater,G0069,true,"[""muddywater""]",80,291,"[""Cobalt Ulster"", ""Earth Vetala"", ""Mango Sandstorm"", ""MERCURY"", ""MuddyKrill"", ""MuddyWater"", ""SectorD02"", ""SeedWorm"", ""Seedworm"", ""Static Kitten"", ""TA450"", ""TEMP.Zagros""]"
actor-census--sha256:c6676bfbcc20d334b7aaa598a7973ecb34d8eb000230b29d1056a388babc93eb,Nazar,,true,"[""nazar""]",5,15,"[""Nazar""]"
actor-census--sha256:562a04ebefc2ad3711f754620b413aea1c37549d4a3d4a765082e4bf3ea9f39b,Night Tsunami,,true,"[""nso-group""]",25,86,"[""DEV-0336"", ""Night Tsunami"", ""NSO Group""]"
actor-census--mitre:G0133,Nomadic Octopus,G0133,true,"[""nomadic-octopus""]",8,33,"[""DustSquad"", ""Nomadic Octopus""]"
actor-census--mitre:G0049,OilRig,G0049,true,"[""apt34""]",53,184,"[""APT34"", ""Chrysene"", ""COBALT GYPSY"", ""Crambus"", ""DNSpionage"", ""Earth Simnavaz"", ""EUROPIUM"", ""Evasive Serpens"", ""Hazel Sandstorm"", ""Helix Kitten"", ""IRN2"", ""ITG13"", ""OilRig"", ""Oilrig"", ""TA452"", ""Twisted Kitten""]"
actor-census--sha256:e3692d0c9f99c599a524ea3c645c7bd7c141fba3aab5d9febca914fee6ae03d9,Opal Sleet,,true,"[""konni""]",41,141,"[""Konni"", ""Opal Sleet"", ""OSMIUM""]"
actor-census--mitre:G0040,Patchwork,G0040,true,"[""patchwork""]",33,115,"[""APT-C-09"", ""Capricorn Organisation"", ""Chinastrats"", ""Dropping Elephant"", ""Hangover Group"", ""Mahaboo"", ""MONSOON"", ""Neon, Confucius"", ""Operation Hangover"", ""Patchwork"", ""Viceroy Tiger""]"
actor-census--mitre:G0068,PLATINUM,G0068,true,"[""platinum""]",8,28,"[""DeadlyKiss"", ""Platinum"", ""PLATINUM"", ""TwoForOne""]"
actor-census--mitre:G0056,PROMETHIUM,G0056,true,"[""strongpity""]",18,62,"[""APT-C-41"", ""PROMETHIUM"", ""StrongPity""]"
actor-census--mitre:G0034,Sandworm Team,G0034,true,"[""sandworm""]",111,393,"[""APT44"", ""BE2 APT"", ""Black Energy"", ""BlackEnergy (Group)"", ""ELECTRUM"", ""Electrum"", ""FROZENBARENTS"", ""Grey Energy"", ""Hades"", ""IRIDIUM"", ""Iridium"", ""IRON VIKING"", ""Iron Viking"", ""Quedagh"", ""Quedagh Group"", ""Sandworm"", ""Sandworm Team"", ""Sandworm Team (MITRE G0034)"", ""Seashell Blizzard"", ""TeleBots"", ""Telebots"", ""TEMP.Noble"", ""Voodoo Bear""]"
actor-census--mitre:G1041,Sea Turtle,G1041,true,"[""sea-turtle""]",29,78,"[""Cosmic Wolf"", ""Marbled Dust"", ""Sea Turtle"", ""SILICON"", ""Teal Kurma""]"
actor-census--mitre:G1008,SideCopy,G1008,true,"[""sidecopy""]",23,85,"[""SideCopy""]"
actor-census--mitre:G0121,Sidewinder,G0121,true,"[""lamberts"", ""sidewinder""]",42,138,"[""APT-C-39"", ""Lamberts"", ""Longhorn"", ""Rattlesnake"", ""Sidewinder"", ""SideWinder"", ""T-APT-04""]"
actor-census--mitre:G1033,Star Blizzard,G1033,true,"[""callisto""]",32,115,"[""Calisto"", ""Callisto"", ""Callisto Group"", ""COLDRIVER"", ""Reuse Team"", ""SEABORGIUM"", ""Star Blizzard"", ""TA446"", ""TAG-53""]"
actor-census--sha256:fdf3522f2ad0b4920da659cf41213d3e09d8b8e8dc3c0d7e9096dfdc23c31545,TAG-100,,true,"[""tag-100""]",1,5,"[""TAG-100""]"
actor-census--sha256:b2855fb1d50d5c70ed7d47c6d1f77cee0a4b54ef4a36f79dd0691494a42d2582,The Mask,,true,"[""careto""]",10,35,"[""Careto"", ""The Mask""]"
actor-census--mitre:G0089,The White Company,G0089,true,"[""white-company""]",4,12,"[""The White Company""]"
actor-census--mitre:G0134,Transparent Tribe,G0134,true,"[""transparent-tribe""]",36,130,"[""APT-C-56"", ""APT36"", ""APT36 / APT-36"", ""Copper Fieldstone"", ""COPPER FIELDSTONE"", ""Green Havildar"", ""Mythic Leopard"", ""ProjectM"", ""Temp.Lapis"", ""Transparent Tribe""]"
actor-census--mitre:G0010,Turla,G0010,true,"[""turla""]",85,272,"[""BELUGASTURGEON"", ""Group 88"", ""IRON HUNTER"", ""ITG12"", ""Krypton"", ""MAKERSMARK"", ""Secret Blizzard"", ""SIG23"", ""Skipper Turla"", ""Snake"", ""Turla"", ""Turla Group"", ""Turla Team"", ""Uroburos"", ""Venomous Bear"", ""Waterbug"", ""WhiteBear""]"
actor-census--sha256:431b740c94ed0c9a7c852f729e490b5337bdd9bfcdd0dae9ee33f6a8afac5d24,UNC1151,,true,"[""ghostwriter""]",25,85,"[""DEV-0257"", ""Ghostwriter"", ""Storm-0257"", ""TA445"", ""UNC1151""]"
actor-census--sha256:fc4236049760901a1c862cb9a52bfef60d54785f355ba2d4165cddf012e955b5,UNC2891,,true,"[""unc2891""]",3,13,"[""UNC2891""]"
actor-census--sha256:98baf68e139fb813d8676c880b617ab0231c9edb3d0407e07424a2b491e75fa4,UNC3347,,true,"[""unc3347""]",2,6,"[""UNC3347""]"
actor-census--sha256:16c36cffded718150ddd1cb2ac4e47d511f7e32458413073cbc977328cd48111,UNC4841,,true,"[""unc4841""]",8,16,"[""UNC4841""]"
actor-census--sha256:088fd86e991234a3f6a2b63b5f1c5e34a5656a1ce1ac259043e6987c026bf596,UNC5174,,true,"[""unc5174""]",8,22,"[""UNC5174""]"
actor-census--sha256:982163311dc12e639e30d92b01d767fbda3a7b1fed4cb90608bc424b7d1a4774,UNC6485,,true,"[""unc6485""]",0,0,"[""UNC6485""]"
actor-census--sha256:475b7ba93e31b43af76f72ca13c8d9d154e57825375435ce65356fba379db9b9,UNG0002,,true,"[""ung0002""]",1,5,"[""UNG0002""]"
actor-census--sha256:321c6ce2b1f3e97e1b7ea63625dd0f8ff3103fd7cf5361bd1fb1a1a17329e2f5,Void Balaur,,true,"[""void-balaur""]",4,16,"[""Void Balaur""]"
actor-census--mitre:G0112,Windshift,G0112,true,"[""white-company""]",21,61,"[""Bahamut"", ""EHDEVEL"", ""The White Company"", ""URPAGE"", ""WindShift"", ""Windshift"", ""WINDSHIFT""]"
actor-census--mitre:G0044,Winnti Group,G0044,true,"[""apt41"", ""winnti""]",56,162,"[""APT41"", ""BARIUM"", ""Blackfly"", ""BRONZE ATLAS"", ""LEAD"", ""RedEcho"", ""TAG-22"", ""Vanadinite"", ""Wicked Panda"", ""Winnti Group"", ""Winnti Umbrella""]"
actor-census--mitre:G1035,Winter Vivern,G1035,true,"[""winter-vivern""]",11,27,"[""TA473"", ""UAC-0114"", ""Winter Vivern""]"
actor-census--mitre:G0102,Wizard Spider,G0102,true,"[""wizard-spider""]",31,99,"[""DEV-0193"", ""DEV-0237"", ""FIN12"", ""GOLD BLACKBURN"", ""Grim Spider"", ""ITG23"", ""Periwinkle Tempest"", ""Pistachio Tempest"", ""TEMP.MixMaster"", ""UNC1878"", ""UNC2053."", ""Wizard Spider""]"
actor-census--sha256:0fc6040782c2061ecd099eb940bf16e0f16be41a95748c30d904b560b6b90062,ZooPark,,true,"[""zoopark""]",5,20,"[""APT-C-38"", ""Saber Lion"", ""ZooPark""]"
actor-census--sha256:e2e42446f38bc5821610b757a0940343277703e8e2dd0f2087185ce13836f286,AcidBox,,false,[],1,4,"[""AcidBox"", ""MagicScroll""]"
actor-census--mitre:G0018,admin@338,G0018,false,[],6,26,"[""338 Team"", ""Admin338"", ""admin@338"", ""Team338"", ""Temper Panda""]"
actor-census--mitre:G0130,Ajax Security Team,G0130,false,[],8,28,"[""Ajax Security Team"", ""AjaxTM"", ""Flying Kitten"", ""Operation Saffron Rose"", ""Operation Woolen-Goldfish"", ""Rocket Kitten""]"
actor-census--mitre:G1024,Akira,G1024,false,[],60,184,"[""Akira"", ""GOLD SAHARA"", ""Howling Scorpius"", ""PUNK SPIDER""]"
actor-census--sha256:d915abd205de3fb8b166c13921aac1c1b609e60bb027bbd895d0c8c24d3ab544,Anchor Panda,,false,[],4,17,"[""Anchor Panda""]"
actor-census--mitre:G0138,Andariel,G0138,false,[],53,153,"[""Andariel"", ""Onyx Sleet"", ""PLUTONIUM"", ""Silent Chollima""]"
actor-census--sha256:08453cd9cfe4e7a46469df7d4b9879c7e2e26483aa7c6f1059283cb9adeeca95,Andromeda Spider,,false,[],2,5,"[""Andromeda Spider""]"
actor-census--sha256:ba00caa12c4f56d6019d27f130a060afea8022ab8175ffd4f3f4a3488ee49e07,Antlion,,false,[],2,5,"[""Antlion""]"
actor-census--mitre:G1007,Aoqin Dragon,G1007,false,[],2,5,"[""Aoqin Dragon""]"
actor-census--mitre:G1049,AppleJeus,G1049,false,[],32,86,"[""AppleJeus"", ""Citrine Sleet"", ""Gleaming Pisces"", ""UNC1720"", ""UNC4736""]"
actor-census--sha256:d0ef32018e8c430520e800deb223342d2dfe3ab85869439b7e23a2e3af024e29,APT 11,,false,[],3,3,"[""APT 11""]"
actor-census--sha256:597979f4caae116f49c3bfb03aa5ee90aa607dfa2bc067476b55c76e01083716,APT 13,,false,[],3,3,"[""APT 13""]"
actor-census--sha256:f896c9e2c374d96dd3499c512301299b7db95fa9f9300048b25b9e8eaaf621f9,APT 14,,false,[],4,10,"[""APT 14""]"
actor-census--sha256:26bf58816796de8a2b107d6d5b03b64478b8b951e05a9e29bd80286ca9f29d84,APT 23,,false,[],6,14,"[""APT 23""]"
actor-census--sha256:b43af5c74975719c28b2208b862ed6c9f947ad8cf26aba2ffb3e3b371e9cb72f,APT-341,,false,[],1,1,"[""APT-341""]"
actor-census--sha256:45a480a94424632c1b5e13895ee0a91d79bdf0d0ebcd4496c7e8c699acbe4e82,APT-C-01,,false,[],6,20,"[""APT-C-01"", ""PoisonVine""]"
actor-census--sha256:e09248212ebb27edc999f4946fc9c068e15fc80c97b7d2aae511385ee37cc7e5,APT-C-27,,false,[],6,23,"[""APT-C-27"", ""Golden Rat"", ""Goldmouse"", ""Goldmouse/Gold Mouse/Gold Rat""]"
actor-census--sha256:f82a4080355e74b8a8c2f2296d10ce2691c28f1070fff31f4b4032556020a787,APT-C-37,,false,[],3,11,"[""APT-C-37"", ""Papa Bear"", ""Pat Bear"", ""Pat/Patted Bear"", ""Racquet Bear"", ""Slap Bear""]"
actor-census--sha256:da01e01275c45240dd0b367493fce8636e9c5bba1f741872eac85fb6a2bdd176,APT-C-44,,false,[],1,3,"[""APT-C-44"", ""Fox Group""]"
actor-census--mitre:G0006,APT1,G0006,false,[],12,43,"[""APT1"", ""APT1?"", ""BrownFox"", ""Byzantine Candor"", ""Comment Crew"", ""Comment Group"", ""Comment Panda"", ""GIF89a"", ""Group 3"", ""PLA Unit 61398"", ""ShadyRAT"", ""Shanghai Group"", ""TG-8223""]"
actor-census--mitre:G0005,APT12,G0005,false,[],10,26,"[""APT12"", ""BeeBus"", ""Calc Team"", ""Crimson Iron"", ""DNSCalc"", ""DNSCALC"", ""DynCalc"", ""Group 22"", ""IXESHE"", ""Numbered Panda"", ""TG-2754 (tentative)""]"
actor-census--mitre:G0023,APT16,G0023,false,[],4,12,"[""APT16""]"
actor-census--mitre:G0025,APT17,G0025,false,[],7,31,"[""APT17"", ""Aurora Panda"", ""Burning Umbrella"", ""Deputy Dog"", ""Group 8"", ""Hidden Lynx"", ""Tailgater Team""]"
actor-census--mitre:G0026,APT18,G0026,false,[],15,42,"[""APT18"", ""Dynamite Panda"", ""TA428"", ""TG-0416"", ""Threat Group-0416"", ""Wekby""]"
actor-census--mitre:G0073,APT19,G0073,false,[],10,36,"[""APT19"", ""C0d0so"", ""C0d0so0"", ""Codoso"", ""Codoso Team"", ""Sunshop Group""]"
actor-census--sha256:40bb8c54f2a2823bb9a455f72b1ffd28b25850d30a1bbf4383c32a99e8ae509e,APT22,,false,[],5,18,"[""APT22"", ""Barista"", ""BRONZE OLIVE"", ""Wet Panda""]"
actor-census--sha256:f120e3a3e9c176334a13898aa362d287d41fe17d4ae435e19785bc3ded2b0815,APT24,,false,[],1,1,"[""APT24""]"
actor-census--sha256:43624ee6d054451785cd3912c5aa4a0c8d4f05248c93fe1a4afaf2aea1a0bc02,APT25,,false,[],1,2,"[""APT25""]"
actor-census--sha256:d8131472b75542d004865f1572159236b51a1590883f69e1ae950de8eb72fb3f,APT26,,false,[],7,25,"[""APT26"", ""Hippo Team"", ""JerseyMikes"", ""Turbine Panda""]"
actor-census--sha256:329ec2568973f39f7dfa2ee0d60e230cc69b3fe8cf216620ae47ce9f72ae3e22,APT2822,,false,[],1,1,"[""APT2822""]"
actor-census--sha256:95e600f5a69d9bd6e9995caa7948d9ae5d59cb3adb31f292eac107db6fa7927f,APT2832,,false,[],1,1,"[""APT2832""]"
actor-census--sha256:5ed3cdff5bc5079e2869739b9a1f451bf7d57dc71e5454999c368882f422a2be,APT288,,false,[],1,1,"[""APT288""]"
actor-census--sha256:40401a1e032c2831e7757037ddb3597a644936d95bc0f33548e73f5a34aa4202,APT292,,false,[],1,1,"[""APT292""]"
actor-census--sha256:372cb597fc6f5eed131500dff156ab255a5d72f449b6132870549de1bb2c6c59,APT2933,,false,[],1,1,"[""APT2933""]"
actor-census--mitre:G0013,APT30,G0013,false,[],6,19,"[""APT30""]"
actor-census--mitre:G0064,APT33,G0064,false,[],29,96,"[""APT33"", ""Elfin"", ""HOLMIUM"", ""Peach Sandstorm""]"
actor-census--sha256:db50978b31e2899baf37ecaf9d4a2ae7bb83ed625fe2a389487570fd1c7e552b,APT3704,,false,[],1,1,"[""APT3704""]"
actor-census--sha256:7496264892b0c696d0d3d8587b99932acc24ae74efdb87aa4c71de05c75559a2,APT3710,,false,[],1,1,"[""APT3710""]"
actor-census--sha256:ea720c932029f4cf35463cf9474b66f406a291335fd401a57a84a6f8dd18af5e,APT3718,,false,[],1,1,"[""APT3718""]"
actor-census--mitre:G0082,APT38,G0082,false,[],54,161,"[""APT38"", ""BeagleBoyz"", ""Bluenoroff"", ""BlueNoroff"", ""COPERNICIUM"", ""COPERNICIUM (Microsoft)"", ""ElectricFish"", ""Genie Spider"", ""NICKEL GLADSTONE"", ""Sapphire Sleet"", ""Stardust Chollima"", ""TA444 (Proofpoint)"", ""TEMP.Hermit""]"
actor-census--sha256:b9c45cb267a8b2fdb69537f39b378017e0a4de5032c8f72cd7f4619a91898c43,APT4,,false,[],8,26,"[""APT4"", ""APT4?"", ""Maverick Panda"", ""PLA Navy"", ""Samurai Panda"", ""Sykipot"", ""Wisp Team""]"
actor-census--mitre:G1044,APT42,G1044,false,[],23,62,"[""APT42""]"
actor-census--sha256:1b81505eb651552f3296eb581175f6a5ca52fe34b4399f4e02b664a073b325d6,APT4415,,false,[],1,1,"[""APT4415""]"
actor-census--sha256:4e71ca1826f69b2947be4348e12610e0a14b518b864a86b48b7213395471975c,APT4422,,false,[],1,1,"[""APT4422""]"
actor-census--sha256:d8e4be1bb3c74e393c775896f20af20cedb2c886ae5e64835757d4f1ac2be19a,APT45,,false,[],8,22,"[""APT45""]"
actor-census--sha256:be81b044b51e952b4457d1ddf87b16b6dfd6a69e84eb5fce18bb85c1815572a0,APT4516,,false,[],1,1,"[""APT4516""]"
actor-census--mitre:G1023,APT5,G1023,false,[],9,39,"[""APT5"", ""BRONZE FLEETWOOD"", ""Bronze Fleetwood"", ""Keyhole Panda"", ""Manganese"", ""MANGANESE"", ""Mulberry Typhoon"", ""TABCTENG"", ""temp.bottle"", ""UNC2630""]"
actor-census--sha256:b60dfc4f37c877fbcb277cb657b3e99204e2201ec43370ea700f845d31889b0c,APT6,,false,[],4,18,"[""1.php Group"", ""APT6""]"
actor-census--sha256:0d450e633a878fa32e915f71bf4d93312cb35aa64a7ab361b3b0cb59c6db968d,apt69,,false,[],1,1,"[""apt69""]"
actor-census--sha256:a4f94751c69c6e12d640d32e8404a4c34de498e53af62f069379025e485f42ff,APT73,,false,[],2,2,"[""APT73""]"
actor-census--mitre:G0143,Aquatic Panda,G0143,false,[],4,8,"[""Aquatic Panda""]"
actor-census--sha256:d457a3caaff476b0d15594253bbc6f82d9c437551f6858681f5cc174a24e84c3,AVIVORE,,false,[],2,7,"[""AVIVORE""]"
actor-census--mitre:G0001,Axiom,G0001,false,[],8,37,"[""APT17"", ""Axiom"", ""Deputy Dog (iDefense)"", ""Dogfish (iDefense)"", ""Group 72"", ""Tailgater Team"", ""Winnti Umbrella""]"
actor-census--mitre:G0135,BackdoorDiplomacy,G0135,false,[],10,28,"[""BackdoorDiplomacy"", ""CloudComputating""]"
actor-census--sha256:55a07ba68783c7e11ae15d2e7a897ba865e66e5c68722221ac26ca4ab667270f,BackdoorDiplomacy,,false,[],10,28,"[""BackdoorDiplomacy"", ""Quarian""]"
actor-census--sha256:35a89c4f3db8f72450021d19bf2a0105c163792a246cfaf2f4f8631971d67164,Bamboo Spider,,false,[],2,6,"[""Bamboo Spider""]"
actor-census--sha256:3fe4c0dfdc77c371c44e1b449ac5bc25535232672784fb53c0cafbecdf07b97c,BARIUM,,false,[],14,45,"[""BARIUM"", ""BRONZE ATLAS"", ""TG-2633"", ""Winnti Umbrella""]"
actor-census--sha256:54ef7ad08e3073c4ada745b63c106e144094a2b83534dcec2dd5c16956e2a9a0,Big Panda,,false,[],4,4,"[""Big Panda""]"
actor-census--mitre:G1043,BlackByte,G1043,false,[],147,472,"[""Black Basta"", ""Black Byte"", ""BlackByte"", ""Conti"", ""DEV-0569"", ""Diavol"", ""Hecamede"", ""Quantum"", ""Royal"", ""Ryuk (as FIN12)"", ""Wizard Spider (DEV-0193)""]"
actor-census--sha256:05c07c77c274a9e748e81c6887123dcdbe0650e2457319ffb57d361eff4fe62a,Blackgear,,false,[],4,20,"[""Blackgear"", ""Comnie"", ""Topgear""]"
actor-census--mitre:G0063,BlackOasis,G0063,false,[],6,27,"[""BlackOasis""]"
actor-census--mitre:G0108,Blue Mockingbird,G0108,false,[],2,7,"[""Blue Mockingbird""]"
actor-census--sha256:d21a93a373f8ff7eadcc0e40dbb75a3f631b62bdac341f6e9365a06a4945b169,Blue Termite,,false,[],6,25,"[""Blue Termite"", ""Cloudy Omega"", ""Emdivi""]"
actor-census--sha256:e3513d48cef3a53d600f410261816e6f6c489e0363dc3751dd35a1b3a2fa643b,Bluebottle,,false,[],1,2,"[""Bluebottle""]"
actor-census--sha256:7d08e86754af5dcaaef07b43ec3f4652451b6ae17eac39ef3fc93036dd23054c,BlueHornet,,false,[],4,12,"[""AgainstTheWest"", ""APT49"", ""BlueHornet""]"
actor-census--sha256:e0ff045246184ebd234f84f9f5071d7080374cf5c6589a255847a86562b3dba5,Bohrium,,false,[],9,17,"[""BOHRIUM"", ""Bohrium"", ""Smoke Sandstorm""]"
actor-census--sha256:6b9f1c095e394e41940fb54124a3dd1318b83e14d97f69bb31a7b51dd3651b08,Boson Spider,,false,[],2,5,"[""Boson Spider""]"
actor-census--sha256:73680de257c4f9e1c2b3e2a132b6f3b5c5b2abd4e1485559c2ddae19b5aafd42,Calypso,,false,[],16,58,"[""Calypso"", ""Comment Crew"", ""Links to Skyipot"", ""Mirage"", ""Pitty Tiger""]"
actor-census--sha256:74486327512fbcafd26aa0336920ab1a4442c4174c1934287bc87eb1b1deed1c,Carberb,,false,[],1,1,"[""Carberb""]"
actor-census--mitre:G0114,Chimera,G0114,false,[],4,11,"[""Chimera""]"
actor-census--sha256:ae391de9c5171466f31ef5ac920cfd3901bcc01aa28c2b02dc13b1ab3d6f2063,Chimera,,false,[],10,24,"[""Chimera"", ""GELSEMIUM""]"
actor-census--sha256:ad043fe9f2d17c41a637f048e5a304f213beabeaed9f0658c8ce43754968bd54,ChinaZ,,false,[],1,5,"[""ChinaZ""]"
actor-census--mitre:G1021,Cinnamon Tempest,G1021,false,[],4,15,"[""BRONZE STARLIGHT"", ""Cinnamon Tempest"", ""DEV-0401"", ""Emperor Dragonfly""]"
actor-census--sha256:7213bae7367310d54926f09bd672606322dcca32f34f78f8c891130e9f5285e1,Cinnamon Tempest,,false,[],4,15,"[""Bronze Starlight"", ""Cinnamon Tempest"", ""DEV-0401"", ""Emperor Dragonfly""]"
actor-census--sha256:c1d56aaf187dffbb970031625d4e6717fa76a9a7e1912d7c5669ece41ba9565d,CL-STA-0043,,false,[],1,3,"[""CL-STA-0043""]"
actor-census--sha256:4a26ada8b77530bb7c31f2b96a4b9b0b691c6aaa3fab7983ace99f760223400a,CL-STA-0048,,false,[],1,2,"[""CL-STA-0048""]"
actor-census--mitre:G0003,Cleaver,G0003,false,[],5,22,"[""Cleaver"", ""TG-2889"", ""Threat Group 2889""]"
actor-census--sha256:f727eb516238f36a46f61d374962fcde1d248012a409aa8f8a4ac848c19dad94,Clever Kitten,,false,[],5,23,"[""Clever Kitten"", ""Group 41""]"
actor-census--mitre:G0080,Cobalt Group,G0080,false,[],11,37,"[""Cobalt Gang"", ""Cobalt Group"", ""Cobalt Spider"", ""GOLD KINGSWOOD"", ""Magecart Group 4""]"
actor-census--mitre:G1052,Contagious Interview,G1052,false,[],18,61,"[""Contagious Interview"", ""DeceptiveDevelopment"", ""DEV#POPPER"", ""Gwisin Gang"", ""PurpleBravo"", ""TAG-121"", ""Tenacious Pungsan""]"
actor-census--mitre:G0052,CopyKittens,G0052,false,[],9,33,"[""CopyKittens"", ""DarkHydrus"", ""LazyMeerkat"", ""Slayer Kitten""]"
actor-census--sha256:f3af96582a164ededd102196867e7afdef4da337c8c9568df3e0cf87a828fb41,Corsair Jackal,,false,[],4,5,"[""Corsair Jackal""]"
actor-census--mitre:G0132,CostaRicto,G0132,false,[],1,1,"[""CostaRicto""]"
actor-census--sha256:a6d991c20b996baa7bbeca7107bab7f746eb145e240b57e00b5647329591bcbc,Cotton Sandstorm,,false,[],7,15,"[""Cotton Sandstorm"", ""DEV-0198 (NEPTUNIUM)"", ""NEPTUNIUM"", ""Vice Leaker""]"
actor-census--sha256:c8415f30b185e3c590385aeb15b5c527e3e3db1307a191a581cf43df9be4b868,Cuboid Sandstorm,,false,[],4,10,"[""Cuboid Sandstorm"", ""DEV-0228""]"
actor-census--sha256:3a6c3ec6a08fdc30ef20e6fb1278690508ddf6c5c56416f2b49ff27b19ff7fb6,Curious Gorge,,false,[],2,3,"[""Curious Gorge""]"
actor-census--sha256:41ef062492e0530cdf1bd1c6e0f3fb79638da108ffee7962cf735379ab1c2f4e,Curious Jackal,,false,[],1,1,"[""Curious Jackal""]"
actor-census--sha256:cf16c430ed9d8f90c6fcf44928f7be61f2819fd51b990e1bb2bf4d01f916dbe7,Cyber Berkut,,false,[],2,6,"[""Cyber Berkut""]"
actor-census--sha256:b1b22086b57292227102df4961c8b514e3a14ee89e929a8b2d1abe62ebd9bf03,Cyber Caliphate Army (CCA),,false,[],2,8,"[""Cyber Caliphate Army (CCA)"", ""Islamic State Hacking Division"", ""United Cyber Caliphate (UCC)""]"
actor-census--sha256:faacf11a9aea454c25e29ec1b393f1c6100b71826af551a640e356e80041da59,Cyber fighters of Izz Ad-Din Al Qassam,,false,[],3,9,"[""Cyber fighters of Izz Ad-Din Al Qassam"", ""Fraternal Jackal""]"
actor-census--sha256:09337b8d407846933974370b961b68c687950abe45103ddcfcbc71f33315c4b9,Cyber Spetsnazs,,false,[],1,1,"[""Cyber Spetsnazs""]"
actor-census--mitre:G1034,Daggerfly,G1034,false,[],3,4,"[""BRONZE HIGHLAND"", ""Daggerfly"", ""Evasive Panda""]"
actor-census--sha256:fcc80750040f1a2d6eab910392531d8e766f3e9faeb6d0b19c7b3c6c7c242a05,Danti,,false,[],1,2,"[""Danti""]"
actor-census--mitre:G0070,Dark Caracal,G0070,false,[],4,16,"[""Dark Caracal""]"
actor-census--sha256:c1dc62801feef6d9215f3b13accef3b5af2edf426fd94aed13436727955d15df,Dark PInk,,false,[],3,5,"[""Dark PInk"", ""Saaiwc Group""]"
actor-census--mitre:G0079,DarkHydrus,G0079,false,[],7,30,"[""DarkHydrus""]"
actor-census--sha256:a82416e84d7eed437c82e3de7e2600b08ba68988ff5d86449157a327375da67d,DarkUniverse,,false,[],2,8,"[""DarkUniverse""]"
actor-census--mitre:G0105,DarkVishnya,G0105,false,[],0,0,"[""DarkVishnya""]"
actor-census--sha256:312f0cb9512714bd38d8a4f28e80d24e57211e73f40db9c5492977d4102c35f3,Denim Tsunami,,false,[],7,22,"[""Denim Tsunami"", ""DSIRF"", ""KNOTWEED""]"
actor-census--sha256:95281c376a30b72c0c06760b405da2714905f021c890dfd28500504740b184fb,DEV-0056,,false,[],2,6,"[""DEV-0056""]"
actor-census--sha256:6984fbe41e6e0576d285ab7fd79a6ac8b4085c02721ffa7c381674529b5e4dff,DEV-0133,,false,[],4,4,"[""DEV-0133""]"
actor-census--sha256:a81f3e05b1445ca4b0ecbec4b937308aba659e481bd1ced2e11ec149a19f2200,DEV-0166,,false,[],2,5,"[""DEV-0166""]"
actor-census--sha256:0c9de3c3ec4c8192b46b4769e2f946423bbf31d899ddc2aacaa6cf19733f7f86,DEV-0196,,false,[],1,1,"[""DEV-0196""]"
actor-census--sha256:bf079b7f647c5fd4af7d4cee29d0c06ede27ebac5fbd5180caa870a5a9f3a74f,DEV-0198,,false,[],2,5,"[""DEV-0198""]"
actor-census--sha256:a7c2749089fa155624d6f47230c425dd972c5c47c1150fb8e7d549447566d401,DEV-0215,,false,[],2,4,"[""DEV-0215""]"
actor-census--sha256:177b73a588f5f3bf771483e677f5b1b0ed5fbc4e927aa8db07f8ce7b58b8d640,DEV-0227,,false,[],2,2,"[""DEV-0227""]"
actor-census--sha256:51386b24fec419d0d7fd967df12d6efd9244c20d4b01dd808dfc834f74d57deb,DEV-0230,,false,[],1,1,"[""DEV-0230""]"
actor-census--sha256:134fb5e05c36576decf46697f521722ac0370bf8a9283bc67d0d26ff5f403af4,DEV-0270,,false,[],4,7,"[""DEV-0270""]"
actor-census--sha256:dccafff0dd633fddf5eea99c5bf608c2c6433a663c062d854842ec9293cb0bb9,DEV-0322,,false,[],7,17,"[""Circle Typhoon"", ""DEV-0322""]"
actor-census--sha256:c2850e51e98787b36a775da627dba7f8469418c1c2705402e27496b6999709c9,DEV-0343,,false,[],4,11,"[""DEV-0343"", ""Gray Sandstorm""]"
actor-census--sha256:9661804d8fc29d128c48d99eee70abaef6cd27dfd9fd1983b4b4663cdcb09233,DEV-0506,,false,[],1,1,"[""DEV-0506""]"
actor-census--sha256:e53a8d7033a56c150a27bd8776bff798468d58bd4f1712b014c1b98995a1e009,DEV-058613,,false,[],1,1,"[""DEV-058613""]"
actor-census--sha256:4731a60b2894aa3e46ddb445d099d96ea1a06752a8ebffdd9a63644251b41cd0,DEV-0588,,false,[],2,2,"[""DEV-0588""]"
actor-census--sha256:1f0a7d1e66c889634cda70c9966905cc3d04bdbd5b94e3a7c8a56e88a7f0bed2,DEV-0842,,false,[],5,12,"[""DEV-0842""]"
actor-census--sha256:5266760775cb35aec568e9a8659a74d20eb6338064f8efc333bb9cf84327ed22,DEV-0861,,false,[],2,6,"[""DEV-0861""]"
actor-census--sha256:9b0764e4a850d316042cd587e5a7209a75bd69c9ce69c682be0670fbedcc66c6,DEV-0960,,false,[],2,5,"[""DEV-0960""]"
actor-census--sha256:1c5349e9ac0c4d0db1c5d9aec7d3065dfbf93fa020ff779e4964414f6c1a98b1,DEV-1084,,false,[],2,2,"[""DEV-1084""]"
actor-census--sha256:5c5c12daa43ca7d2f8e81ba4ec425f123693d863735979f131c177219cb46a00,DEV-500,,false,[],1,1,"[""DEV-500""]"
actor-census--sha256:71356f4c8a37efbb435f5e2728f8f1e4878e97a2cfabe26ccb93880378095035,Dextorous Spider,,false,[],2,2,"[""Dextorous Spider""]"
actor-census--sha256:37e05547ffe1aa3e450e5ec6e7cb3f09a05a52355ac0fd5ec2108716719ec87e,Domestic Kitten,,false,[],6,17,"[""Domestic Kitten""]"
actor-census--mitre:G0035,Dragonfly,G0035,false,[],25,79,"[""ALLANITE"", ""Anger Bear"", ""Berserk Bear"", ""BROMINE"", ""Crouching Yeti"", ""Dragonfly"", ""DYMALLOY"", ""Dymalloy"", ""Energetic Bear"", ""Fertger"", ""Ghost Blizzard"", ""Group 24"", ""Havex"", ""IRON LIBERTY"", ""Koala Team"", ""PEACEPIPE"", ""TEMP.Isotope"", ""TG-4192""]"
actor-census--mitre:G0017,DragonOK,G0017,false,[],6,26,"[""Dragon Castling"", ""DragonOK""]"
actor-census--sha256:71877aab27f9e4926e79eb899f061fe2c0ec8770e112757e2b07843d24313800,DragonSpark,,false,[],3,7,"[""DragonSpark""]"
actor-census--sha256:06b9871d6a693de3730e448e18fee807be5dbee3003538095286af636f4743bc,Dungeon Spider,,false,[],4,16,"[""Dungeon Spider""]"
actor-census--mitre:G0031,Dust Storm,G0031,false,[],4,13,"[""Dust Storm""]"
actor-census--sha256:b6a510d94311db6bf99dcdc9c214c4a91a7610529b483dbd04466dff6bf2e1c1,Earth Berberoka,,false,[],3,10,"[""Earth Berberoka"", ""Gambling Puppet"", ""GamblingPuppet""]"
actor-census--mitre:G1006,Earth Lusca,G1006,false,[],47,96,"[""Charcoal Typhoon"", ""CHROMIUM"", ""ControlX"", ""Earth Lusca"", ""TAG-22""]"
actor-census--sha256:4566cff4cbf208207620d072ab9e547f93922ab654dac53c635a920b30adfa65,Earth Yako,,false,[],1,1,"[""Earth Yako""]"
actor-census--mitre:G0066,Elderwood,G0066,false,[],5,25,"[""Beijing Group"", ""Elderwood"", ""Elderwood Gang"", ""Hydraq"", ""SIG22"", ""Sneaky Panda""]"
actor-census--sha256:d7ef442faac7a6ec1f74b56c6ed0139d37ae7608cb2fe74d7f5a4430c185f3c3,Electric Panda,,false,[],2,2,"[""Electric Panda""]"
actor-census--sha256:14a3447269a169cd7fd7a39f7ee242e164af079bbd4a8ced88cd98368f78794e,Electric Powder,,false,[],1,2,"[""Electric Powder""]"
actor-census--sha256:2cab61ea2b784e6686154ef68ef1f9cce28a15f51bca7c4bbc87af03942942a5,Eloquent Panda,,false,[],1,1,"[""Eloquent Panda""]"
actor-census--mitre:G1031,Ember Bear,G1003,false,[],30,105,"[""Bleeding Bear"", ""Cadet Blizzard"", ""DEV-0586"", ""Ember Bear"", ""Frozenvista"", ""Lorec Bear"", ""Lorec53"", ""Saint Bear"", ""Storm-0587"", ""TA471"", ""UAC-0056"", ""UNC2589""]"
actor-census--sha256:832b7d69e1e392f2e3a0ce712059f35e3a013312335f7beb1332eb6700604546,Emennet Pasargad,,false,[],11,18,"[""Emennet Pasargad""]"
actor-census--sha256:75a793480ad46c95a250df79a79dab1c0703079b061a8ac2f38d179ef9823c41,EmpireMonkey,,false,[],3,8,"[""CobaltGoblin"", ""EmpireMonkey""]"
actor-census--sha256:5321a1732a91b27b5b067aa2b782d929bbaaac8cf4e09a8d29a4c61b6f9d7213,Evanescent Bat,,false,[],1,1,"[""Evanescent Bat""]"
actor-census--mitre:G0120,Evilnum,G0120,false,[],13,36,"[""Decepticons"", ""Evilnum""]"
actor-census--sha256:0beea6258ae5cfeee8d5a0f2e5e62b9c14f116579f5c435a054b294d7e9bd959,EvilPost,,false,[],2,5,"[""EvilPost""]"
actor-census--mitre:G1011,EXOTIC LILY,G1011,false,[],3,4,"[""EXOTIC LILY""]"
actor-census--sha256:92cc02650ee39dd910e471c9c12b5468989272883f9ed07035efb093dfe30eee,Extreme Jackal,,false,[],6,14,"[""Extreme Jackal""]"
actor-census--mitre:G0137,Ferocious Kitten,G0137,false,[],2,8,"[""Ferocious Kitten""]"
actor-census--mitre:G0051,FIN10,G0051,false,[],5,19,"[""FIN10""]"
actor-census--sha256:b148611efa2fa77a302416383a2c4f9d4d4b73b923bea292b0383752b2079c01,FIN1125,,false,[],1,1,"[""FIN1125""]"
actor-census--mitre:G1016,FIN13,G1016,false,[],5,8,"[""Elephant Beetle"", ""FIN13""]"
actor-census--mitre:G0085,FIN4,G0085,false,[],4,16,"[""FIN4""]"
actor-census--mitre:G0053,FIN5,G0053,false,[],3,15,"[""FIN5""]"
actor-census--mitre:G0037,FIN6,G0037,false,[],11,46,"[""Camouflage Tempest"", ""FIN6"", ""ITG08"", ""Magecart Group 6"", ""Skeleton Spider"", ""TAAL""]"
actor-census--mitre:G0046,FIN7,G0046,false,[],37,123,"[""Carbon Spider"", ""ELBRUS"", ""FIN7"", ""GOLD NIAGARA"", ""ITG14"", ""Sangria Tempest""]"
actor-census--mitre:G0061,FIN8,G0061,false,[],11,33,"[""FIN8"", ""Syssphinx""]"
actor-census--sha256:e3432083d97c0776c4f96c1e4dc40eeace2fa363e4fed0b7e6352bfdf7d0af04,FIN9,,false,[],3,4,"[""FIN9""]"
actor-census--mitre:G0117,Fox Kitten,G0117,false,[],21,77,"[""Fox Kitten"", ""Lemon Sandstorm"", ""Parisite"", ""Pay2key"", ""Pioneer Kitten"", ""PioneerKitten."", ""RUBIDIUM"", ""UNC757""]"
actor-census--sha256:5098f713e5b0af7dc7d59fc4fad822906e6dda43bbd25ec45d897c1aab8beb71,Foxy Panda,,false,[],4,5,"[""Foxy Panda""]"
actor-census--mitre:G0101,Frankenstein,G0101,false,[],1,1,"[""Frankenstein""]"
actor-census--sha256:75923af40db5ba12a3cb1c094c63712cd57c879ef36b1a6f512ba436b8384a8d,FruityArmor,,false,[],8,25,"[""FruityArmor""]"
actor-census--sha256:4a97feea97652b055514bfb08b6feda73267dc2db6c56ece13d1b1c6697bf91e,FullofDeep,,false,[],1,2,"[""FullofDeep""]"
actor-census--mitre:G0093,GALLIUM,G0093,false,[],9,31,"[""GALLIUM"", ""Granite Typhoon"", ""Soft Cell"", ""UNSC 2814""]"
actor-census--mitre:G0084,Gallmaker,G0084,false,[],3,15,"[""Gallmaker""]"
actor-census--mitre:G0036,GCMAN,G0036,false,[],3,15,"[""GCMAN""]"
actor-census--sha256:b2a098121c161d4c5a5c80e82a29fbe20f2ae82d943b5b7980006b51cae8e4f2,Gekko Jackal,,false,[],1,1,"[""Gekko Jackal""]"
actor-census--mitre:G0141,Gelsemium,G0141,false,[],7,14,"[""Gelsemium""]"
actor-census--sha256:69bc9e0f68800ce547d81c8516dfde53bb47d2ebc485eb573fbcdf884369b0f4,Ghost Jackal,,false,[],4,4,"[""Ghost Jackal""]"
actor-census--sha256:c9af3fe480a2bfbad299408d0be6ad5af83a80b91c958b5fdd5ed37609d15e3f,GhostSec,,false,[],13,22,"[""GhostSec""]"
actor-census--sha256:64c393506db87e3ffa5f93fa9577b98540275aac3d9118181e70d50972c4f44f,Ghoul,,false,[],5,16,"[""Ghoul""]"
actor-census--sha256:5cdee9babaac236142ab71ad8f1f238943cf80513770fcb20322f66726eca639,Gibberish Panda,,false,[],2,3,"[""Gibberish Panda""]"
actor-census--sha256:0ac602b8c78837c13bb3eaca074e8db9129ac98046a88a672df233a78f8605b9,Goblin Panda,,false,[],11,43,"[""China1937CN Team"", ""Conimes Team"", ""Cycldek"", ""Earth Zhulong"", ""Goblin Panda"", ""Hellsing"", ""Temp.Conimes""]"
actor-census--sha256:cc9fe54739628c7242b4c88ff33b1e68063c5c586654b1bce59e38c66eed0e44,Gold lowell,,false,[],7,23,"[""Boss Spider"", ""Gold lowell""]"
actor-census--mitre:G0115,GOLD SOUTHFIELD,G0115,false,[],10,30,"[""GOLD SOUTHFIELD"", ""Pinchy Spider""]"
actor-census--sha256:1f4a281be9e5bd55c6b6afdddba24b96efc39f56692f958f3efbcd83f825545a,Golden Chickens,,false,[],4,12,"[""Golden Chickens""]"
actor-census--mitre:G0078,Gorgon Group,G0078,false,[],6,29,"[""Aggah"", ""Gorgon Group"", ""Subaat""]"
actor-census--sha256:0c22f2cea929a4305f4bf1c2d61787d62936ba3e312bc5436c167caf2a85a0e4,GOSSIPGIRL,,false,[],2,6,"[""GOSSIPGIRL""]"
actor-census--sha256:d90d3612db1299ce3f6659ed36086ea9a049466dbdaa1019a1b6eecca202c818,GravityRAT,,false,[],1,3,"[""GravityRAT""]"
actor-census--sha256:00c8d84fd760ed91d4ac3f141b25ca4c1bb3f64c7925e45cbb9b7dde115db67b,Greenbug,,false,[],9,26,"[""Greenbug""]"
actor-census--sha256:404c4307d6a2920aba0e615fee11562fcb767198d794c7d66af69aadd6f9a80f,GreyEnergy Group,,false,[],1,1,"[""GreyEnergy Group""]"
actor-census--sha256:3b628ca8b8b1df1a021207b9c7e7b9e01e6ed8e3e34459e045c1f05501730eb6,Group 27,,false,[],4,18,"[""Group 27""]"
actor-census--mitre:G0043,Group5,G0043,false,[],10,20,"[""Group5""]"
actor-census--sha256:8dbd0bc16ec123900e39b41b57de5d053ba565c27f6b765989c597f079d6b264,GRU GTsST (Main Center for Special Technology),,false,[],1,1,"[""GRU GTsST (Main Center for Special Technology)""]"
actor-census--mitre:G0125,HAFNIUM,G0125,false,[],11,33,"[""HAFNIUM"", ""Operation Exchange Marauder"", ""Silk Typhoon"", ""UNC2639, UNC2640, UNC2643""]"
actor-census--sha256:86f190e85103fb5f7297060a27257b7a29922a4a232bac92fcf299a75fbd1f54,Hammer Panda,,false,[],4,7,"[""Hammer Panda""]"
actor-census--sha256:5636d85b106cf691d0a9b16ff0a573d2e5deb51a6669e90906d2bbf94b527abf,Hellsing APT,,false,[],1,1,"[""Hellsing APT""]"
actor-census--mitre:G1001,HEXANE,G1001,false,[],17,60,"[""HEXANE"", ""Lyceum"", ""LYCEUM"", ""Siamesekitten"", ""Spirlin""]"
actor-census--mitre:G0126,Higaisa,G0126,false,[],10,22,"[""Higaisa""]"
actor-census--mitre:G0072,Honeybee,G0072,false,[],6,19,"[""Honeybee""]"
actor-census--sha256:fb1fd14c5a570eb37b2c5e419dc933bfa7ce85b1ba5608189bc4f4d0c0feff17,Hound Spider,,false,[],1,1,"[""Hound Spider""]"
actor-census--sha256:26b0324e07188482b999d0f59b0fe354a2f5f7cc44c381ccde7fd41022b13099,Hurricane Panda,,false,[],23,67,"[""APT31"", ""Black Vine"", ""BRONZE VINEWOOD"", ""Hurricane Panda"", ""TA412"", ""TEMP.Avengers"", ""Zirconium""]"
actor-census--sha256:99bafb1d500f1078842fbf8aab8b6e45a91b141d74ad7fa9e545a5a819f173df,IamtheKing,,false,[],4,13,"[""IamtheKing"", ""Powerpool""]"
actor-census--sha256:8fe65ac84ea7486cd0a4d495b306e0c59f9e1b9312854dc11771ed18db4ac2de,Ice Fog,,false,[],12,35,"[""Dagger Panda"", ""Fucobha"", ""Ice Fog"", ""ICEFOG"", ""IceFog"", ""Temp.Trident""]"
actor-census--sha256:32c01d8aaab8e2fe79d1ef5d97908f5a655a932e219d6a0ae0c4993aa475ee38,Impersonating Panda,,false,[],4,5,"[""Impersonating Panda""]"
actor-census--mitre:G1032,INC Ransom,G1032,false,[],15,23,"[""GOLD IONIC"", ""INC Ransom""]"
actor-census--mitre:G0100,Inception,G0100,false,[],34,67,"[""Blue Odin"", ""Cloud Atlas"", ""Inception"", ""Inception Framework"", ""MITRE: G0100""]"
actor-census--mitre:G0136,IndigoZebra,G0136,false,[],1,5,"[""IndigoZebra""]"
actor-census--mitre:G0119,Indrik Spider,G0119,false,[],30,86,"[""DEV-0243"", ""Evil Corp"", ""Indrik Spider"", ""Manatee Tempest"", ""UNC2165""]"
actor-census--sha256:12103d1a3b051f8ef8c1a78f8e8a7626a1c23681dd8cb7c815066a0efcf9f98f,InvisiMole,,false,[],14,35,"[""InvisiMole""]"
actor-census--sha256:982556867e7a3854075cfb55b45d31b2cc574a729f368455f4b0c26b5b58dfa0,IronHusky,,false,[],5,8,"[""IronHusky""]"
actor-census--sha256:c7e41997a9edc462b687ee8d9c5412b491af6e11dd65a1a0848eef939f0e9360,ItaDuke,,false,[],3,6,"[""ItaDuke""]"
actor-census--sha256:7adbdddf5e362639fa904e450f56efe7770d8a367abdf1d8f714b78267321ec0,Judgement Panda,,false,[],4,4,"[""Judgement Panda""]"
actor-census--sha256:a6ad4d1e4c93fe5a5868168cad8fbb0621d159a67713b966b18d7004a9986f9e,Karakurt,,false,[],11,15,"[""Karakurt""]"
actor-census--mitre:G0004,Ke3chang,G0004,false,[],33,113,"[""APT15"", ""BackdoorDiplomacy"", ""GREF"", ""ke3chang"", ""Ke3chang"", ""Ke3Chang"", ""Lurid"", ""Metushy"", ""Mirage"", ""Mirage Team"", ""NICKEL"", ""Nylon Typhoon"", ""Playful Dragon"", ""Playful Taurus"", ""Royal APT"", ""RoyalAPT"", ""Social Network Team"", ""Vixen Panda"", ""Winnti Umbrella""]"
actor-census--sha256:cde550397b91377ef6a3022fac5bf73df2e4c598bc513fe7ba231c3c498fc597,Keksec,,false,[],6,24,"[""FreakOut"", ""Kek Security"", ""Keksec"", ""Necro""]"
actor-census--mitre:G1004,LAPSUS$,G1004,false,[],24,71,"[""DEV-0537"", ""LAPSUS$"", ""Strawberry Tempest""]"
actor-census--mitre:G0140,LazyScripter,G0140,false,[],2,2,"[""LazyScripter""]"
actor-census--sha256:e3456bc1f4d270f4a97933758645fdc21e39642b31ca343c1818f7972ac27906,LEAD,,false,[],11,19,"[""LEAD"", ""Winnti Umbrella""]"
actor-census--mitre:G0077,Leafminer,G0077,false,[],7,24,"[""Flash Kitten"", ""Leafminer"", ""Raspite""]"
actor-census--mitre:G0065,Leviathan,G0065,false,[],27,86,"[""APT40"", ""BRONZE MOHAWK"", ""Gadolinium"", ""GADOLINIUM"", ""Gingham Typhoon"", ""Hainan Xiandun Technology Company"", ""Kryptonite Panda"", ""Leviathan"", ""MUDCARP"", ""Red Ladon"", ""ScanBox"", ""TA423"", ""Temp.Jumper"", ""TEMP.Jumper"", ""TEMP.Periscope"", ""Temp.Periscope""]"
actor-census--sha256:12bce488ec9f01411d36944d893f447731f07228f40575750ecd760e22062c65,Lilac Typhoon,,false,[],1,2,"[""DEV-0234"", ""Lilac Typhoon""]"
actor-census--mitre:G0030,Lotus Blossom,G0030,false,[],13,48,"[""Bilbug"", ""DRAGONFISH"", ""Esile"", ""Lotus Blossom"", ""RADIUM"", ""Raspberry Typhoon"", ""Spring Dragon"", ""ST Group"", ""Thrip""]"
actor-census--sha256:987133ee4e585834b473380c32df6e78e385eade55f8ce9d63caf876fffe5ef9,Lucky Cat,,false,[],5,21,"[""Lucky Cat"", ""SabPub"", ""Shadow Network"", ""TA413 (Proofpoint)""]"
actor-census--sha256:2291d6f4864b2acce80e824e77ccb95ff34890619ec532646de645776b71960b,Lunar Spider,,false,[],8,26,"[""Lunar Spider""]"
actor-census--sha256:fa5438fb68c2fd6231f421031e036926b9e2b27f6586f546ac133714c1ed248b,LuoYu,,false,[],5,9,"[""LuoYu""]"
actor-census--sha256:aa728235a27e854b9e3c00a66c07224cc2401894419576c5c72487a3e145e44c,Madi,,false,[],5,19,"[""Madi""]"
actor-census--sha256:c4c3db5582ce2c51fc2502ba8c76664b041bb75be7bfa7f22ed552e1cac000d0,Magnetic Spider,,false,[],2,2,"[""Magnetic Spider""]"
actor-census--sha256:f9be476aec4890f83b8fed4bc8dbdf17d8f7ae1ed884e375516292aed2e8905a,MalKamak,,false,[],2,6,"[""MalKamak""]"
actor-census--mitre:G1026,Malteiro,G1026,false,[],0,0,"[""Malteiro""]"
actor-census--sha256:90a4e103d9a251fb1f2fc27691b120bc2e6e603169da0cd987b83963b5baafbc,Mana Team,,false,[],1,3,"[""Mana Team""]"
actor-census--mitre:G1051,Medusa Group,G1051,false,[],0,0,"[""Medusa Group""]"
actor-census--mitre:G0045,menuPass,G0045,false,[],20,76,"[""APT10"", ""BRONZE RIVERSIDE"", ""Cicada"", ""Cloud Hopper"", ""CVNX"", ""DEV-0401"", ""HOGFISH"", ""Hogfish"", ""menuPass"", ""MenuPass Team"", ""POTASSIUM"", ""Red Apollo"", ""Stone Panda"", ""TA429"", ""TALONITE""]"
actor-census--sha256:57d927a058944ddbf219bed5cbfbfeb2f882468a20917896461f425cf54ae0b0,Mimic Spider,,false,[],1,1,"[""Mimic Spider""]"
actor-census--mitre:G1054,MirrorFace,G1054,false,[],5,15,"[""Earth Kasha"", ""MirrorFace""]"
actor-census--mitre:G0002,Moafee,G0002,false,[],4,16,"[""Moafee""]"
actor-census--sha256:44fa697b41c317b6c437e2de94cf1904e78825ddd48d8c5380eaa2f9a6fee524,ModifiedElephant,,false,[],4,15,"[""ModifiedElephant""]"
actor-census--mitre:G0103,Mofang,G0103,false,[],4,17,"[""Mofang""]"
actor-census--sha256:4bfd1bc483d447c9e12c5b4c8531175aad8dc0a7865619e42ceaba7e982b02ea,Mofang,,false,[],4,20,"[""BRONZE WALKER"", ""Mofang"", ""Whitefly""]"
actor-census--sha256:085bd3c9200aa5f43bbd4e93750f6b1a05a9f17101ee1d8962079b7ce611878e,Monty Spider,,false,[],2,6,"[""Monty Spider""]"
actor-census--mitre:G1036,Moonstone Sleet,G1036,false,[],14,33,"[""Moonstone Sleet"", ""Storm-1789""]"
actor-census--mitre:G1009,Moses Staff,G1009,false,[],11,33,"[""DEV-0500"", ""Marigold Sandstorm"", ""Moses Staff""]"
actor-census--mitre:G1019,MoustachedBouncer,G1019,false,[],1,1,"[""MoustachedBouncer""]"
actor-census--sha256:910f858af9007d53fbae4866b66071c209bd1b2483c8d35d52099be253cb82b0,Mummy Spider,,false,[],10,44,"[""Mealybug"", ""Mummy Spider"", ""TA542""]"
actor-census--mitre:G0129,Mustang Panda,G0129,false,[],42,138,"[""BRONZE PRESIDENT"", ""CAMARO DRAGON"", ""ClumsyToad"", ""EARTH PRETA"", ""Earth Preta (TrendMicro)"", ""FIREANT"", ""HIVE0154"", ""HoneyMyte"", ""Luminous Moth"", ""LUMINOUS MOTH"", ""LuminousMoth"", ""Mustang Panda"", ""Red Lich"", ""RedDelta"", ""STATELY TAURUS"", ""TA416"", ""TANTALUM"", ""TEMP.Hex"", ""Temp.Hex"", ""TWILL TYPHOON"", ""UNC6384""]"
actor-census--mitre:G1020,Mustard Tempest,G1020,false,[],9,23,"[""DEV-0206"", ""GOLD PRELUDE"", ""Mustard Tempest"", ""Purple Vallhund"", ""TA569"", ""UNC1543""]"
actor-census--mitre:G0019,Naikon,G0019,false,[],10,32,"[""APT30"", ""Lotus Panda"", ""Naikon"", ""PLA Unit 78020"", ""Thrip, Billbug""]"
actor-census--sha256:306e0379f9ef0a0f16d9c5ec1ff2849f9b39e6fe354d1f966f3555fca5a463e6,NB65,,false,[],5,7,"[""NB65""]"
actor-census--mitre:G0055,NEODYMIUM,G0055,false,[],5,19,"[""NEODYMIUM""]"
actor-census--sha256:f107671b59f79a424eec5df4d0e898d0ffecaf939b9113c5752a895129b114d9,NetTraveler,,false,[],4,20,"[""APT21"", ""Lanzhou PLA Unit"", ""NetTraveler""]"
actor-census--mitre:G0014,Night Dragon,G0014,false,[],6,19,"[""Night Dragon""]"
actor-census--sha256:3b0670edbf401d076e706ec0790549f06e7ed016af2a52a3cdff5117e66984a3,Nightshade Panda,,false,[],5,21,"[""APT9"", ""FlowerLady"", ""Nightshade Panda""]"
actor-census--sha256:dd988148dd5a78a09b231fc7386d76106206c0c5015e34cb1afd60cd3068866a,Nomad Panda,,false,[],7,9,"[""Nomad Panda""]"
actor-census--sha256:014b5f09a295b8c2500a4c872d91fbf07ca10c41abb67caa5c65a8514e8493d3,NoName,,false,[],3,3,"[""NoName""]"
actor-census--sha256:2203bf1bccd763c2c1efb9d0d8d297e1bf830b1d82894fd6e50495066953c9da,OnionDog,,false,[],2,8,"[""OnionDog""]"
actor-census--mitre:G0116,Operation Wocao,G0116,false,[],0,0,"[""Operation Wocao""]"
actor-census--mitre:G0071,Orangeworm,G0071,false,[],7,29,"[""Orangeworm""]"
actor-census--sha256:4f4700a47131a448b819c685ee000d94e3b0ae0355dd742a43663701250ff283,Overlord Spider,,false,[],2,2,"[""Overlord Spider""]"
actor-census--sha256:123be86c62894210ba12bcdffea43ddae343f82ac90c7160696cfc1112c813d4,Pacha Group,,false,[],4,16,"[""Pacha Group""]"
actor-census--sha256:aae980b1fc3313ee6e0fc4e5b7ec1caf00acb64431c6d12a9cd777266086e94a,Pale Panda,,false,[],2,2,"[""Pale Panda""]"
actor-census--sha256:054ed08498d6f10708577377eef038a2719f6a43347f52afe120aa902f872ee2,PassCV,,false,[],7,28,"[""China Cracking Group"", ""PassCV"", ""TG-3279"", ""Winnti Umbrella""]"
actor-census--sha256:25d7bd1d837c1f34a13f7a9b9ac0989dac8a7358f55e83535c7df1129a9147b6,Peach Sandstorm,,false,[],28,90,"[""APT33"", ""HOLMIUM"", ""Peach Sandstorm"", ""Refined Kitten""]"
actor-census--sha256:e56fa849b910e33b365e0786cf4d107b67285df17ca31b8ab48cfa42e7c327db,Pearl Sleet,,false,[],1,4,"[""DEV-0215 (LAWRENCIUM)"", ""LAWRENCIUM"", ""Pearl Sleet""]"
actor-census--sha256:48e27f47d19303599983d525a902d5ec0c17da90d52c30084ecd823e08877646,Phlox Tempest,,false,[],2,6,"[""Choziosi loader"", ""Chrome Loader"", ""ClickPirate"", ""DEV-0796"", ""Phlox Tempest""]"
actor-census--mitre:G0011,PittyTiger,G0011,false,[],6,22,"[""Pitty Panda"", ""Pitty Tiger"", ""PittyTiger""]"
actor-census--sha256:d70c045432030b6bcc71dacb204862b883ca05bb98cc8812c77e5b2613cb45c2,Pizzo Spider,,false,[],1,1,"[""Pizzo Spider""]"
actor-census--mitre:G1040,Play,G1040,false,[],90,251,"[""Play""]"
actor-census--sha256:b18e2a745516011fe0250fbcd4592ef66e1e9bf0482dfefe4a95847557a9fa9a,Poison Carp,,false,[],5,14,"[""Earth Empusa"", ""Poison Carp""]"
actor-census--sha256:7de4a404d4dc4cc67d3d8be6257526947097c46032bdcd4f4604b128e49a50c4,Poisonous Panda,,false,[],3,4,"[""Poisonous Panda""]"
actor-census--mitre:G1005,POLONIUM,G1005,false,[],14,46,"[""Plaid Rain"", ""POLONIUM""]"
actor-census--sha256:f9f66427da5cc2c77c7c049005f56baf213fae6ebc9afb96c26822e80bf5d2cf,Poseidon,,false,[],8,21,"[""Poseidon""]"
actor-census--mitre:G0033,Poseidon Group,G0033,false,[],3,15,"[""Poseidon Group""]"
actor-census--sha256:2e5a9bc7e8d992d663d4e157676c85ba71548605880feeec09aa0aef30550323,Predator Panda,,false,[],4,5,"[""Predator Panda""]"
actor-census--sha256:bea90d3a8bc740d93f341b7282f712acfa329f60179d806e771458cef4ed07a3,Predatory Sparrow,,false,[],9,15,"[""Predatory Sparrow""]"
actor-census--sha256:f805a850462568e5e0bbd0171dc12315ea02e8dcb56adaae251ce97b33595ef9,Prince of Persia,,false,[],5,17,"[""APT-C-50"", ""Prince of Persia""]"
actor-census--sha256:e5ee3bfe3f4760dbf72f1d6ae646f283477be40887e2a950ee253492635a5ea9,Pumpkin Sandstorm,,false,[],11,30,"[""DEV-0146"", ""Pumpkin Sandstorm"", ""ZeroCleare""]"
actor-census--mitre:G0024,Putter Panda,G0024,false,[],6,26,"[""APT2"", ""Group 36"", ""MSUpdater"", ""PLA Unit 61486"", ""Putter Panda"", ""SearchFire"", ""TG-6952""]"
actor-census--sha256:c2773796f87cacc53115b348aee3043facad5be6932fd94f57f0ecc14fa2c26a,Radio Panda,,false,[],3,7,"[""Radio Panda""]"
actor-census--mitre:G0075,Rancor,G0075,false,[],4,20,"[""Rancor"", ""RANCOR""]"
actor-census--sha256:22aeece32298e3b29c1bdeb7521a9c57718c12626575666bf9af2d5bfd2c734d,Raspberry Typhoon,,false,[],12,47,"[""APT30"", ""LotusBlossom"", ""RADIUM"", ""Raspberry Typhoon""]"
actor-census--sha256:31b0e61c1e01fcdb35d3db517408e77d745ae485e27e369b9ee71bf7b71e177c,RedAlpha,,false,[],4,8,"[""RedAlpha""]"
actor-census--mitre:G1039,RedCurl,G1039,false,[],1,1,"[""RedCurl""]"
actor-census--mitre:G1042,RedEcho,G1042,false,[],3,9,"[""RedEcho""]"
actor-census--sha256:fe9f53f95f71e78b2be198926b1c114428a2f8002c1bb6070b902fe77b2f08ec,RedFoxtrot,,false,[],7,21,"[""RedFoxtrot""]"
actor-census--sha256:2d61777194b3faa08fdfd5a2fd0fb7d54fcd2d28d24eae9ddc550f498ba8a3f6,Revil,,false,[],40,105,"[""GrandCrab"", ""Revil"", ""Water Mare""]"
actor-census--sha256:a64079ae7afe3c67e8970b3b2700b9897388688fbad209fbe464f089c27e882e,Roaming Mantis,,false,[],5,13,"[""Roaming Mantis"", ""Shaoye""]"
actor-census--sha256:1752784a41bc4b0b652b0fd82ea0eeb367f7c377630b612a3106c9e7c27db471,Roaming Tiger,,false,[],4,15,"[""Roaming Tiger""]"
actor-census--mitre:G0106,Rocke,G0106,false,[],6,29,"[""Iron Group"", ""Rocke""]"
actor-census--sha256:24cd919a38d20f8d5af56001a81e550d1ca11973a693d98bbba1c8561790d2c5,Ruby Sleet,,false,[],10,31,"[""CERIUM"", ""Ruby Sleet""]"
actor-census--sha256:04549180f23a285b10708a4781b82c75122873a7f59868bdfb8b324aab666d92,Sabre Panda,,false,[],2,2,"[""Sabre Panda""]"
actor-census--mitre:G1045,Salt Typhoon,G1045,false,[],16,39,"[""Salt Typhoon""]"
actor-census--sha256:84a731da94efc561be5523eea8ab865b6c9a665c86df1f36f98f3d4d8df2559a,Sandcat,,false,[],6,16,"[""Sandcat""]"
actor-census--sha256:1685e72166dbd9d8c0eb623ff54ec854910d2dbc67b7f289bdc137089ec1cf77,Sangria Tempest,,false,[],37,121,"[""Carbon Spider"", ""ELBRUS"", ""FIN7"", ""Sangria Tempest""]"
actor-census--sha256:aa0b9461f91b9b7e6174f24902603628726bf9bebbd7a22be05c2c83aaca217c,Scarab,,false,[],4,7,"[""Scarab""]"
actor-census--mitre:G0029,Scarlet Mimic,G0029,false,[],5,20,"[""Scarlet Mimic""]"
actor-census--mitre:G1015,Scattered Spider,G1015,false,[],45,132,"[""Octo Tempest"", ""Roasted 0ktapus"", ""Scattered Spider"", ""Storm-0875"", ""UNC3944""]"
actor-census--sha256:9bbae05cba6abea0b4b25fb61a66859550e322b414ed04ebcba2c16b3c3de6f9,SectorJ04,,false,[],3,7,"[""SectorJ04""]"
actor-census--sha256:fabc5a74e8d14a054e62cb6e6fbe148bfa7d09268068bd2776ca6987832bc397,Shamoon,,false,[],17,55,"[""Shamoon"", ""Volatile Kitten""]"
actor-census--sha256:bbafc360e88672f1db770223000a1e97e6ff5e45d5b3a75defbf6f4866dc4764,Shark Spider,,false,[],2,4,"[""Shark Spider""]"
actor-census--mitre:G0104,Sharpshooter,G0104,false,[],5,10,"[""Sharpshooter""]"
actor-census--sha256:e703dae8bb952a4b432671a7e31648055e0ff4c8da41cae15373c5a867d0504d,Shifty Jackal,,false,[],1,1,"[""Shifty Jackal""]"
actor-census--mitre:G0091,Silence,G0091,false,[],15,36,"[""Silence"", ""Whisper Spider""]"
actor-census--sha256:4f1ced651b9b34dd8182e165512b5ca4ee7b5d662017f7c61b716720b29cb403,Silence Group,,false,[],3,6,"[""Silence Group""]"
actor-census--mitre:G0122,Silent Librarian,G0122,false,[],6,30,"[""Cobalt Dickens"", ""COBALT DICKENS"", ""Mabna Institute"", ""Silent Librarian"", ""TA407"", ""Yellow Nabu""]"
actor-census--mitre:G0083,SilverTerrier,G0083,false,[],2,5,"[""SilverTerrier""]"
actor-census--sha256:51b6c6165608bce54b556882436fea34fd980022f7611c75a254d1f051e07d85,Sima,,false,[],4,16,"[""Sima""]"
actor-census--sha256:f934517c864c47471cd15b3853558eb5c0a96e16ca8942d32257530edb4b4a7d,Singing Spider,,false,[],2,2,"[""Singing Spider""]"
actor-census--sha256:e342315eac361c305bde91f30d94113b313acf576d5f76fa78b2f893834a950b,SixLittleMonkeys,,false,[],3,11,"[""Microcin"", ""SixLittleMonkeys""]"
actor-census--sha256:8a4372f10d707941000b9228c1b4e9becf8d348800fadf55856a5e6f35467ae8,Slingshot,,false,[],5,20,"[""Slingshot""]"
actor-census--sha256:b9c341a24a1cedaf91f2172aff64621949a9a3558d08d68d75b3ade9399b9ddd,Snake Wine,,false,[],4,16,"[""Snake Wine""]"
actor-census--sha256:58e904d5f94ba56e9533770f796186b14d4e93e635875bbfd92a94c509354d33,Snowglobe,,false,[],6,23,"[""Animal Farm"", ""Snowglobe""]"
actor-census--mitre:G0054,Sowbug,G0054,false,[],4,17,"[""Sowbug""]"
actor-census--sha256:7bb7b9dde9b0d465c1cd9915fed6dd1be6bfb3de8973f3064cdabc60b4a6dd78,Sparkling Goblin,,false,[],1,1,"[""Sparkling Goblin""]"
actor-census--sha256:1b7a059e98909a7308e68899829acd845bd7cce99e7870f6ac0f97dbe61d559c,Spicy Panda,,false,[],2,2,"[""Spicy Panda""]"
actor-census--sha256:0f0e99f465a65c3cb8a7514fa35714553fc70d91c948679dc7a91fb3d79e6a06,Spiral,,false,[],3,6,"[""Spiral""]"
actor-census--sha256:c48db490d9ffad38e50702c589e38c52cfc328ff7a65bf81ed3afb4d3e03349f,SPIVY,,false,[],1,2,"[""SPIVY""]"
actor-census--sha256:83aafdefb652191b05ebd566010703c334cd7e354255867321efa6a152ccc9d3,Static Spider,,false,[],1,1,"[""Static Spider""]"
actor-census--mitre:G0038,Stealth Falcon,G0038,false,[],8,30,"[""Stealth Falcon""]"
actor-census--sha256:14fd11ed7b6e3c73c8f19af7929c88e6a7c89b8564111c03571f960af0d58dfe,STIBNITE,,false,[],1,1,"[""STIBNITE""]"
actor-census--sha256:8625dea1a61ca9e3a5fcf55b921dd370f092a1a00c71be6648c4bc29b6522b5f,Storm Cloud,,false,[],4,12,"[""Storm Cloud""]"
actor-census--sha256:188e6ace1e991b9ca08f156d9b1fe2029e8f4b2dcf283c88996e16898b53c7a7,sTOrm-0133,,false,[],1,1,"[""sTOrm-0133""]"
actor-census--sha256:aeefdc0fd1f68739b105bb7fce62c326ba5749944e71f18e3f4e9eaa771211fd,Storm-0156,,false,[],2,2,"[""Storm-0156""]"
actor-census--sha256:f3a91731fdcccc6723f42dce363b8e9a381604e6729229289bfeeba4a30a8dc4,Storm-0216,,false,[],2,2,"[""Storm-0216""]"
actor-census--sha256:4b7121357482e3ba20a7ac637a5719c39d6c033de918c35bca64f21d2f12c72f,Storm-0259,,false,[],1,1,"[""Storm-0259""]"
actor-census--sha256:97a48ee3cb9893e93db288afea30497c1b4f5bb055238fb952e9382013ff8cab,Storm-0324,,false,[],1,1,"[""Storm-0324""]"
actor-census--sha256:77c25a987a9eee17fd6376c4d4d15614d4a0354f11a55e90f0649389f64cfcaf,Storm-0381,,false,[],1,2,"[""Storm-0381""]"
actor-census--sha256:ead1629014645c1ce669cd5aa8f238e40b0c5a0f1d0e48ce01723ea5cfacee2f,Storm-0391,,false,[],1,1,"[""Storm-0391""]"
actor-census--sha256:1ed1c381f3a1f1c686262fd4256bbde60983c15dbfa5b97846380cd25559251f,Storm-0485,,false,[],1,1,"[""Storm-0485""]"
actor-census--mitre:G1053,Storm-0501,G1053,false,[],7,10,"[""Storm-0501""]"
actor-census--sha256:8fae85001cc510286d75c089a74d069e4ed51f8dc3f3946ef1cb93940ca87d28,Storm-0506,,false,[],3,3,"[""Storm-0506""]"
actor-census--sha256:de35227a18a41ef6939680b1a5fc91cd61d60b7911ef7821ff6e22af49c0a8d6,Storm-0530,,false,[],8,23,"[""DEV-0530"", ""H0lyGh0st"", ""Storm-0530""]"
actor-census--sha256:8c6e400645546b1629eae07e921d5e168ae5c8ead045a6b6e80ffbaef0a33783,Storm-0539,,false,[],1,3,"[""Storm-0539""]"
actor-census--sha256:aa553e3e848d79ebb7f35731cea61fe20ea06acffa5b460e056c7165edb2e4a0,Storm-0558,,false,[],5,14,"[""Storm-0558""]"
actor-census--sha256:c10446a17944d171a9e77ae640da6ea6812cda342087a7c06810dbfd5d8ed69a,Storm-0589,,false,[],1,1,"[""Storm-0589""]"
actor-census--sha256:dbb40d82467c649c2e9f2cb4166220f9ed7a36d293159d22580ed04798faf52a,Storm-0593,,false,[],1,4,"[""Storm-0593""]"
actor-census--sha256:080214e829d6c9ad799b9be12474519913ed6eed47ad63fc6da7038857d4817a,Storm-0601,,false,[],1,1,"[""Storm-0601""]"
actor-census--sha256:77d3c06c081a8e5634fe91e644ff104cef6bb26eea59c59feac999807b64e1b8,Storm-0744,,false,[],1,2,"[""Storm-0744""]"
actor-census--sha256:22e992feba2ccc59e8f688795f56717ce354cebf25cc6bad0f22fc15dd169280,Storm-0784,,false,[],2,3,"[""Storm-0784""]"
actor-census--sha256:a29273ffdc677c9399fabbacd3eec6ab00db04a19d61de8ebf074f2d08ba754f,Storm-0829,,false,[],1,2,"[""Storm-0829""]"
actor-census--sha256:87b3b63ca97d4abedb3ec7fe2e55e91c2c6f0462dd71c804894230e28b5bb2d9,Storm-0835,,false,[],1,2,"[""Storm-0835""]"
actor-census--sha256:4d84399446964b1bab9410c8c85a6566b80b0df101999037f3d703e26007a28e,Storm-0842,,false,[],2,2,"[""Storm-0842""]"
actor-census--sha256:5575215d850f30aaa5ecfa4a01d2017324baba8ff62a95a8bc3cc37f7d18cb31,Storm-0844,,false,[],1,1,"[""Storm-0844""]"
actor-census--sha256:51128ec648cbd7809b9d0a0d692b8c994a6aa254743bfd3bcb539ea8a77d6f3e,Storm-0861,,false,[],1,1,"[""Storm-0861""]"
actor-census--sha256:6ac5d17fd82dab1f1c4aea219270cd308d5c8b9df183da26bc44527d192eadc0,STORM-0866,,false,[],1,1,"[""STORM-0866""]"
actor-census--sha256:3e8406c78e5909d0cab8f104d584fb24733c32a3f92ac92463c58ba314966403,Storm-0867,,false,[],2,3,"[""Storm-0867""]"
actor-census--sha256:f90d788b65a663c6a95584cb7fecdd28bf2ab6700e343f1a3b034aa1a2aa59bc,Storm-0940,,false,[],1,2,"[""Storm-0940""]"
actor-census--sha256:f72da16a5c4672233b43dbdf8c39fa9c5546e3024c8d88cae7afb38a8391a380,Storm-0971,,false,[],1,2,"[""Storm-0971""]"
actor-census--sha256:606bea65a643219cdefafc7af73b5e2b5004935da8fe67093fb7152fe4f75ed0,Storm-0978,,false,[],7,16,"[""Storm-0978""]"
actor-census--sha256:ed6e1675e0815b55dc4fc94d44d231169bc27062de85cf7feb2d0ca65527eb5b,Storm-1084,,false,[],2,2,"[""Storm-1084""]"
actor-census--sha256:4ec6c4d7eb36b499898f88cc3f6e53daed54bc76bc21c6e9549b74f9eb13ce12,Storm-1099,,false,[],1,2,"[""Storm-1099""]"
actor-census--sha256:d8841f71cc7cd88fbba565393df99cabbdcff8e4a5a870db3d1f6094093218a5,Storm-1101,,false,[],2,3,"[""Storm-1101""]"
actor-census--sha256:db7f2813c621301e9e74a3e0a0206a4e48ed9b2b32ccc100e83556a2d5f8c9b1,Storm-1113,,false,[],1,1,"[""Storm-1113""]"
actor-census--sha256:1690c8f8e2379ebe6a9c04b304beb6a5835d9339000e3ba018fc1be1e58c4ef0,Storm-1133,,false,[],1,5,"[""Storm-1133""]"
actor-census--sha256:cfec47743ab2abc073a238f1e8ab75b63da36d75f289ae854706baf850d63c85,Storm-1175,,false,[],4,4,"[""Storm-1175""]"
actor-census--sha256:3457535d973e9f1eeeb5fc64914d3892245dea889f631ad6a627520abc8eef97,Storm-1376,,false,[],1,1,"[""Storm-1376""]"
actor-census--sha256:be6fc44e823c3a8167d79510cb84e0d05ba38ab12f1849b149e447c529fbf497,Storm-1516,,false,[],3,9,"[""Storm-1516""]"
actor-census--sha256:0dd44fd0e4eb475237581134c946ccc6e117396014de1dac54c7ec9f3d60a3e1,Storm-15162,,false,[],1,1,"[""Storm-15162""]"
actor-census--sha256:65a9c8b7e95cd5a099046fe145f1166ec33ea16c370e72c65d33b7b11390ec8a,Storm-15166,,false,[],1,1,"[""Storm-15166""]"
actor-census--sha256:6995845dc43bebf2c3fd57b7b228813040e2d807ba25169cf35090a292354614,STORM-1575,,false,[],2,6,"[""STORM-1575""]"
actor-census--sha256:dbaa275f3b078afcbfe2580a074d2d7d5043c37a5f9c20e2b95698edffa93c33,Storm-1679,,false,[],6,9,"[""Storm-1679""]"
actor-census--sha256:f839019bf17219119dbc6df6c1704e53281d94940b766f3fc0a8f93740bff4a1,Storm-1747,,false,[],1,1,"[""Storm-1747""]"
actor-census--mitre:G1046,Storm-1811,G1046,false,[],3,9,"[""Storm-1811""]"
actor-census--sha256:cc04075f9697a54e0ada694798971078dcb7a0eb27d957bae78a1f1ab90a1325,Storm-1849,,false,[],1,1,"[""Storm-1849""]"
actor-census--sha256:f04010693ae9a0253ebb90e06759d11b74cd922a9b0ae0fc4ecc33d26e297dfd,Storm-1865,,false,[],2,3,"[""Storm-1865""]"
actor-census--sha256:2fecf7edb6ee6d637e8b48abcd0856c24a72959d047dfd8b9cd7023b4ea0442c,Storm-1919,,false,[],1,1,"[""Storm-1919""]"
actor-census--sha256:a4a542c014e9099dce3a15db8aba80ac420ad8e8e61f4a8d1321f455198b0d45,Storm-2035,,false,[],1,1,"[""Storm-2035""]"
actor-census--sha256:701033b373a20949b196f37db413452c8837e220c6c34eb74535d350655a518f,Storm-2049,,false,[],1,1,"[""Storm-2049""]"
actor-census--sha256:940a3e6359a42a458ee026428a0cb59c82b174ea10c0680d6cd50de3a7a827eb,Storm-2077,,false,[],1,1,"[""Storm-2077""]"
actor-census--sha256:34edd9426695c04bea27faeeaa9de6db222ec2ce55e2c982c6d2acdccd8ebc19,Storm-2126,,false,[],1,1,"[""Storm-2126""]"
actor-census--sha256:654f26649d88e920248d66b3af3bbf6f2ad49961d5516fe64642d485785e7629,Storm-2139,,false,[],1,4,"[""Storm-2139""]"
actor-census--sha256:35f79628699ebb470bd6157e040f9e39cc19978cc6032d79560e809290e197cb,Storm-2227,,false,[],1,1,"[""Storm-2227""]"
actor-census--sha256:e0297d339b5d27a503f723e780988318a96b283e6428eb69c65556722b69a8b3,Storm-2372,,false,[],2,2,"[""Storm-2372""]"
actor-census--sha256:7613af0ea184121118722cec8742c6ebbff02a58ada836e653d9fe5b842dc486,Storm-2502,,false,[],1,1,"[""Storm-2502""]"
actor-census--sha256:62dd3b72d261a04130d4ae0abd7a7b8bb2ada23af513246eb276e6c6b8252e03,Storm-2603,,false,[],1,1,"[""Storm-2603""]"
actor-census--mitre:G0041,Strider,G0041,false,[],5,19,"[""ProjectSauron"", ""Strider""]"
actor-census--mitre:G0039,Suckfly,G0039,false,[],5,21,"[""Suckfly""]"
actor-census--sha256:8f398886c326b5f8f07b20ac250c87de6723e062474465273fe1524f2b9092fa,SunFlower,,false,[],4,9,"[""Cheshire Cat"", ""Flowershop"", ""MoonFlower"", ""SIG17 / SIG18"", ""SunFlower""]"
actor-census--sha256:c65124143965554fa567c71872b4fbe2f950ec1e430d74e59a1b9d64f4888f11,Sunglow Blizzard,,false,[],2,4,"[""DEV-0665"", ""Sunglow Blizzard""]"
actor-census--sha256:dadd1e31eca579dd7700d53aed638ce69fe4bdfb9531c5e251c973cfc5e9f0d6,SVCMONDR,,false,[],4,14,"[""SVCMONDR""]"
actor-census--sha256:55db5634aba527a0a03ff83327085271e0cecc17522108311043b7fc58e4df71,Syrian Electronic Army (SEA),,false,[],3,8,"[""Deadeye Jackal"", ""Syrian Electronic Army (SEA)""]"
actor-census--sha256:20f4e2207b3e35e1fa807fcf68cc9b199bca5899ca70be6723a31394b076a32c,TA2101,,false,[],3,10,"[""TA2101""]"
actor-census--mitre:G1018,TA2541,G1018,false,[],3,8,"[""TA2541""]"
actor-census--sha256:3a9e400edfa646cf556300d4c364be291027ceccf255531f4eb01aeabfdf1227,TA402,,false,[],4,9,"[""TA402""]"
actor-census--sha256:848395937a677c067941d27226766112fdd4569591f1b25031db1d7fd55ca0d0,TA404,,false,[],2,2,"[""TA404""]"
actor-census--sha256:cb8276ae4349b5d6713f68da3a1eb9e4c73d7412c7ac66bfdd8b113a1d53180a,TA406,,false,[],5,10,"[""TA406""]"
actor-census--sha256:8863c8925819479f5d471f05e8ea0ed5a542d63322b859dd08fc8256de5d83df,TA408,,false,[],3,8,"[""TA408""]"
actor-census--sha256:3c584eb02819993c772431cb2c0ca6e4b9f7f69ce9e4518d34199948ddaf033f,TA410,,false,[],4,12,"[""TA410""]"
actor-census--sha256:433e93aede298f7e5e676fcccb787ab7bfa464761e88b64c88a19df19fca43d7,TA413,,false,[],5,8,"[""TA413""]"
actor-census--sha256:84e1207e8c71a74f825883accd22c8b197f36216c6ecf3318d1f963a0408a696,TA415,,false,[],1,1,"[""TA415""]"
actor-census--sha256:73f851048f27553c48e510258483c6b88ccea0e738f1e3659869a2deb7246d83,TA422,,false,[],2,2,"[""TA422""]"
actor-census--sha256:1f8ea255bdbf7a77baa975081881f01297771f53df4a90f974689814863344ba,TA444,,false,[],6,6,"[""TA444""]"
actor-census--sha256:2d1035894b708a939d09494c600acc7b4986519e3b5c87b5c6e3963875dadd9a,TA451,,false,[],3,3,"[""TA451""]"
actor-census--sha256:17b612d8ff39beff97089a84843812249e073c3a4605fa70e19d52190d43c9d3,TA454,,false,[],1,1,"[""TA454""]"
actor-census--sha256:3d7665d39f340dbee5fddbaa6066ee5d7d20445160abd189b16447f1adeaea4e,TA455,,false,[],4,9,"[""TA455""]"
actor-census--sha256:48c5273a6adc35a8de4ec1b080bbf5dc604e279e72dad7f87310cd4ed52fb43b,TA4563,,false,[],4,7,"[""TA4563""]"
actor-census--mitre:G0062,TA459,G0062,false,[],4,13,"[""TA459""]"
actor-census--sha256:65cf3c55769a8bda38296b2cf07635349c70e8fce99b2fd848bd2025b7398ff5,TA482,,false,[],1,5,"[""TA482""]"
actor-census--sha256:2b822a2d92920f4f5fb312d307348f383eecb677f6b0fb7c6a91b23f4ae0e2fd,TA4900,,false,[],1,1,"[""TA4900""]"
actor-census--mitre:G0092,TA505,G0092,false,[],42,144,"[""CHIMBORAZO"", ""DEV-0950"", ""Evil Corp"", ""FIN11"", ""GOLD TAHOE"", ""Hive0065"", ""Indrik Spider"", ""Lace Tempest"", ""SectorJ04"", ""Spandex Tempest"", ""TA505"", ""TA505 (merged w/Indrik Spider)""]"
actor-census--sha256:2559adfa7304d3f70e89bf0ad0d18b9eafdd6b1c1b07bc3e21ff67eb89d370a0,TA511,,false,[],1,2,"[""TA511""]"
actor-census--sha256:bc210a093cf778aa6026f005ea4a7126e441bfb15808d22c97df85138d7626fd,TA516,,false,[],2,7,"[""SmokingDro"", ""TA516""]"
actor-census--sha256:71045ebe72ea103091109fbef667e80e010a18d646a8ceae53df1cf121cc026f,TA530,,false,[],2,6,"[""TA530""]"
actor-census--sha256:4ac91bd2d8a1de23da052ac16c3eba80272ca844b4411148a023281cb7d577dd,TA543,,false,[],2,7,"[""Sagrid"", ""TA543""]"
actor-census--sha256:8145a55cf7b5babbb56e746e459f20806f3aad2cc2bedb320999c84bf557e646,TA544,,false,[],5,10,"[""TA544""]"
actor-census--sha256:4fa5d1a34d50b5a24c1886ea4c77541c49f7c0d6aa8c8c71cfc84b65ab70b5f0,TA545,,false,[],1,2,"[""AirCanada"", ""TA545""]"
actor-census--sha256:3183a94d8ecaef0c5ab93a91141424a33d4bac0c16813749700872124a3cde19,TA547,,false,[],3,12,"[""TA547""]"
actor-census--sha256:50d9f4c2b36ff7c93a1a66f55de509d3953c385fa050270803c5713c49c0a67a,TA549,,false,[],3,3,"[""TA549""]"
actor-census--mitre:G0127,TA551,G0127,false,[],6,23,"[""GOLD CABIN"", ""Shathak"", ""TA551""]"
actor-census--sha256:e0ee27d636d087c1026e4bbc6adaa2052b35b0f12eb0eaa7150df8dc573e81b5,TA554,,false,[],1,4,"[""TA554""]"
actor-census--sha256:e77534d1f053689f641871c8042646c515cb3c877ef6f1e02562f7ce9776f4ed,TA555,,false,[],2,5,"[""TA555""]"
actor-census--sha256:9d4c6ab08e6d20071f697e780559727d00a73f060f5830dd30b34b88b52b0c6c,TA558,,false,[],2,6,"[""TA558""]"
actor-census--sha256:3b1a856f14bcc3949104c610996c410facbfc06cdbf5100c5237eeb014f4c2cb,TA564,,false,[],1,2,"[""Captain Cha"", ""TA564""]"
actor-census--sha256:5f2d7464e82399605815d6b69f991327a78183fd923c21b6c17ad78d95d954ea,TA570,,false,[],1,1,"[""TA570""]"
actor-census--sha256:aea9d2d021cfdbe5e695c4bed3d4d352015879c27c68e8b9b327d519ded8ba7c,TA571,,false,[],4,7,"[""TA571""]"
actor-census--sha256:b210e19048b9a5e30dbbb37c39830fe90b56609138f5ce1c351a6a3170788854,TA575,,false,[],2,9,"[""TA575""]"
actor-census--mitre:G1037,TA577,G1037,false,[],7,12,"[""TA577""]"
actor-census--mitre:G1038,TA578,G1038,false,[],0,0,"[""TA578""]"
actor-census--sha256:c7f9926104b5684cb7af735f018e97d427ce813f11936a7d08cf3be7267826b1,TA580,,false,[],1,1,"[""TA580""]"
actor-census--sha256:d19e818d566a74a99e642fcf2551f29537014479423592df5ac2b583ca85e0c2,TA582,,false,[],1,1,"[""TA582""]"
actor-census--sha256:048dd87316ee9c71e2503ef6c4e87b93d4acd192f143f6043c74dd3c9e16f9bb,TA800,,false,[],1,5,"[""TA800""]"
actor-census--sha256:edf05496565608510d9324d5c9683e15d3cc1146a4d874c8f2a4de23d5df47c3,TA866,,false,[],1,1,"[""TA866""]"
actor-census--sha256:4e4d2d45190818c86e3657a31b07bab73444c4320fd032cc46bcb84b21126ae0,TAG-0530,,false,[],1,1,"[""TAG-0530""]"
actor-census--sha256:f9140773a9ecb5acf1aff6787f10c9052d75efa03f0494f0ac9e2f5501fe89b1,TAG-0700,,false,[],1,1,"[""TAG-0700""]"
actor-census--sha256:665f87e51c6a9a0316ddb593609f89a387290e3b47b025126c3db279b9e7783d,TAG-110,,false,[],1,2,"[""TAG-110""]"
actor-census--sha256:f4f033a9716daee4bde5744af29418a5b3ef0daa3a1eaba9e562ea47737672c1,TAG-26,,false,[],1,1,"[""TAG-26""]"
actor-census--sha256:12964a436c97f851e98957151ca1ef4e1f17eaafb2532226fd3076bb9b2afcee,TAG-38,,false,[],1,4,"[""TAG-38""]"
actor-census--sha256:6ea8b9d63b6b47cfe0749d3bf7fa2c97513f40591ddfa08c9385bb87027df00b,TAG-45,,false,[],1,4,"[""TAG-45""]"
actor-census--sha256:1fbc958f2fc738360dcb3820d825a64a51a5a2fdf4d799201dd2286cec0432c8,TAG-56,,false,[],1,1,"[""TAG-56""]"
actor-census--sha256:316c425e4ffd67fec4b821f6caa0c73e524e0a93f743293ebef6cf40b21aa188,TAG-70,,false,[],2,2,"[""TAG-70""]"
actor-census--sha256:bcf1e30707bd74851a24c20be2e411aeb16895eeb68a37998806c5edde942184,TAG-71,,false,[],1,1,"[""TAG-71""]"
actor-census--sha256:7efd3e0d96136ea4a867199b2899cdc8fda4fc92c70052cf891caf8ea335b72f,TAG-82,,false,[],1,3,"[""TAG-82""]"
actor-census--sha256:8b50ff07a4d12d1edba8a54b4ace232689889c82419a5ce4dcb72cfde41ba85e,TAG-83,,false,[],1,2,"[""TAG-83""]"
actor-census--mitre:G0015,Taidoor,G0015,false,[],4,16,"[""Taidoor""]"
actor-census--sha256:1cced50582218a70088da8ca9e987ff1e7e9cf6e04b8d282bbb0b464248aa4ce,Taskmasters,,false,[],3,11,"[""Taskmasters""]"
actor-census--sha256:fe6366397a8848902b0e0164f4f9285c2091711ff1db72a0509b33a7ffc0c6df,TeamSpy Crew,,false,[],5,20,"[""SIG39"", ""TeamSpy Crew""]"
actor-census--mitre:G0139,TeamTNT,G0139,false,[],5,13,"[""TeamTNT""]"
actor-census--mitre:G0088,TEMP.Veles,G0088,false,[],10,31,"[""TEMP.Veles"", ""TRISIS"", ""Triton"", ""XENOTIME"", ""Xenotime""]"
actor-census--sha256:98445a3a53654a7c3f6f324f298ff0e7985722aecf70f58eddce9bf6ce92d7c6,TEMP.Zhenbao,,false,[],3,4,"[""TEMP.Zhenbao""]"
actor-census--sha256:8e9cbc9eed1aefe31903960ddb37f9276e6c4a09c860e7e70f173e9e339d7b5e,Tempting Cedar,,false,[],2,5,"[""Tempting Cedar""]"
actor-census--sha256:2e672ecd801ce25608e2e247613550fa4dbec430122939fa20f21119e857fbd2,Test Panda,,false,[],2,3,"[""Test Panda""]"
actor-census--sha256:02bc2b45fef02659533de8eaa398ebb7888fd3e6b532884434492f2b23168cd5,The Whois Hacking Team,,false,[],1,1,"[""The Whois Hacking Team""]"
actor-census--mitre:G0028,Threat Group-1314,G0028,false,[],0,0,"[""TG-1314"", ""Threat Group-1314""]"
actor-census--mitre:G0027,Threat Group-3390,G0027,false,[],25,74,"[""APT27"", ""BRONZE UNION"", ""BRONZE UNION, TG-3390"", ""Earth Smilodon"", ""Emissary Panda"", ""Group 35"", ""Iron Tiger"", ""Linen Typhoon"", ""LuckyMouse"", ""TEMP.Hippo"", ""TG-3390"", ""Threat Group-3390"", ""ZipToken""]"
actor-census--mitre:G1022,ToddyCat,G1022,false,[],3,12,"[""ToddyCat""]"
actor-census--mitre:G0131,Tonto Team,G0131,false,[],15,46,"[""Bisonal (malware)"", ""BRONZE HUNTLEY"", ""CactusPete"", ""Earth Akhlut"", ""Karma Panda"", ""Lone Ranger"", ""Tonto Team""]"
actor-census--sha256:089c579dfeac5ccef91ff94f71f612130fef9dfe150d8ba0d0c2a8fde0efa894,Toxic Panda,,false,[],4,5,"[""Toxic Panda""]"
actor-census--sha256:e5e0c100ea3eec032c713d5049b13f31a620b5c79b17c4a0a9b2e77646423c10,Tracer KItten,,false,[],2,4,"[""Tracer KItten""]"
actor-census--mitre:G0081,Tropic Trooper,G0081,false,[],12,44,"[""KeyBoy"", ""KeyBoys"", ""Pirate Panda"", ""Tropic Trooper""]"
actor-census--sha256:793587dca0fce0b97abe5170611a308005bd23f964a01dd426dae207e6312c95,Twisted Panda,,false,[],2,5,"[""Twisted Panda""]"
actor-census--sha256:c675759486fd56a072c7b988ee1e4c1edcb8a963435cff39d8d4d077b7ec348b,UAC-0001,,false,[],5,10,"[""UAC-0001""]"
actor-census--sha256:cbc676881c014dee1a8927fdc94cc34ef0e8b5d7e8289c6b5bfb5ca130379608,UAC-0002,,false,[],3,8,"[""UAC-0002""]"
actor-census--sha256:0a58db7612fa77bda28ccca82de574e5ba0fad9f6a1167632db50629a076e233,UAC-0003,,false,[],1,1,"[""UAC-0003""]"
actor-census--sha256:38f7fcb261032c37770210679c4ec1e37fa77867b56fcc00c3acd31f86870767,UAC-0006,,false,[],3,13,"[""UAC-0006""]"
actor-census--sha256:b814ae5a345da0a4e39fdf9e33fdf116929970eb7fa1d4af45385a222d914b36,UAC-0010,,false,[],7,16,"[""UAC-0010""]"
actor-census--sha256:3799fad742f1ac9bc2065cbf9054aef47b18c7901d2146a946f75273d1743e22,UAC-0020,,false,[],3,8,"[""UAC-0020""]"
actor-census--sha256:e2242f9ba213800db425e7852544dd494a9ca3acb1e072a2de966acb6557cb55,UAC-0026,,false,[],2,2,"[""UAC-0026""]"
actor-census--sha256:cc4e2ceed96b713788559a92601509d37243d4913b36c9d7b91d39ef915d3524,UAC-0027,,false,[],1,1,"[""UAC-0027""]"
actor-census--sha256:2a09a6c16c6a282d21a904f1df19a9ee93cdac52fce400417d914bad6eb3f7d3,UAC-0028,,false,[],7,9,"[""UAC-0028""]"
actor-census--sha256:d42fd5e6b43e2996415a2862bfebe27edc3bd52da1d25ae1415ff7abe50a9206,UAC-0029,,false,[],2,2,"[""UAC-0029""]"
actor-census--sha256:a2d422cc875cbb998a77ed827782f817e4010a678c2e8f9adcd9028aa99dbc6e,UAC-0035,,false,[],2,3,"[""UAC-0035""]"
actor-census--sha256:3ef24c1bc33531150aaa502037a90bd9e6207ad0833e0a0c518a44ff5d059ba7,UAC-0041,,false,[],2,6,"[""UAC-0041""]"
actor-census--sha256:34b353236f81add0ca2c009b91eea152fb14655ae625207cc11f5a226e40fc1b,UAC-0050,,false,[],6,13,"[""UAC-0050""]"
actor-census--sha256:c8f5e0c3c26038c58c76488f8c6c6ae2fb23c08f9860b9859166e34b59dcfbcc,UAC-0051,,false,[],1,1,"[""UAC-0051""]"
actor-census--sha256:a53ef32c85e3e46ed9afa8a470cabee18669dded3efc8e747a00735ffb65c638,UAC-005611,,false,[],1,1,"[""UAC-005611""]"
actor-census--sha256:e2bf62bd598d7c98543efe39071e26ba486e4963bc8ec32fc6d383d3a2c0e349,UAC-0057,,false,[],2,4,"[""UAC-0057""]"
actor-census--sha256:4718eeb0544d14c6b1683c3bff12818f33d7cd4fda205fc75033e38bf1e13f66,UAC-0063,,false,[],2,2,"[""UAC-0063""]"
actor-census--sha256:018d8c053e478a488dc90542587a1382e22c425ba0f85f3435641c6c73ab3170,UAC-0082,,false,[],5,10,"[""UAC-0082""]"
actor-census--sha256:42aa608e060ec4419fa928de5da4cfbc36e4c9926471b3f4aaa29533810cd33e,UAC-0084,,false,[],1,1,"[""UAC-0084""]"
actor-census--sha256:4ed755c3d354fb129a1c3c8c465fb91135a49f8e273ffd5a48a8425f35735f8c,UAC-0088,,false,[],1,2,"[""UAC-0088""]"
actor-census--sha256:5d01a2a858776d66f399b36d85df6dfc0d7e9ecbd8bd04de685fe61bc41cecc9,UAC-0094,,false,[],1,1,"[""UAC-0094""]"
actor-census--sha256:180daa3c0fbc4bf511a39c077c383353b0b1b567c91ee15a47917e07df949dda,UAC-0096,,false,[],1,1,"[""UAC-0096""]"
actor-census--sha256:f86f65d90f26a51abc5fcac35c18991fc2e4fe7ccc7242cc8fb25adbbf5617f4,UAC-0097,,false,[],2,5,"[""UAC-0097""]"
actor-census--sha256:016fa49c0ebe8c9b5fd0c22512d09be5be32a2f2f116d9f83d949539849192a5,UAC-0098,,false,[],2,6,"[""UAC-0098""]"
actor-census--sha256:60ebf5791f21864351bf952f51fadc738c66bc6199d5062c0af0dad3c01462ee,UAC-0099,,false,[],4,10,"[""UAC-0099""]"
actor-census--sha256:17ebe83334b02aeba32d9bff6fb1fe7ad8d0ffc00fc0962e4d4d116a7037bf06,UAC-0100,,false,[],3,7,"[""UAC-0100""]"
actor-census--sha256:68b75c4fd6ab0d40e249957ac7e3e719c56f2b272d7dd9e250c193e4ded8aa8a,UAC-0101,,false,[],1,1,"[""UAC-0101""]"
actor-census--sha256:295a739decf8f78bd80ac9b94ddaf8000b1ee6df45a46cb5304b6d295ca2fb54,UAC-0104,,false,[],1,1,"[""UAC-0104""]"
actor-census--sha256:6c44ffe12dee7ee3d220e939c04dccc56dbe04e396a268e25f52a0df74f5bd84,UAC-0105,,false,[],1,1,"[""UAC-0105""]"
actor-census--sha256:a2c0df1b27b294ff23e064d25948a58c5565bde310aa4494499aa7270a99fd91,UAC-0106,,false,[],1,1,"[""UAC-0106""]"
actor-census--sha256:d9c78ee39e82ad07daa45302499b9f7776648fa96f37eae934fca1f126811e09,UAC-0107,,false,[],2,4,"[""UAC-0107""]"
actor-census--sha256:61074cc64d35842c6c8af25cf2a311dc18b11658be7eda772b88ecf4efd5426c,UAC-0108,,false,[],1,1,"[""UAC-0108""]"
actor-census--sha256:25c687dc0747d058fc30177ad4c7878410320c2cf7c5e70847f0a0f765c2d4b2,UAC-0109,,false,[],2,4,"[""UAC-0109""]"
actor-census--sha256:4c3db63ecfc117c4cfd61a53cb8ea20fd05d300fa37e7bdc0eb3a9ba11ed6844,UAC-0113,,false,[],2,7,"[""UAC-0113""]"
actor-census--sha256:00cf6724c566cfb09ee9b71bf8fae23d511420016e7c82dad993f06600c11e55,UAC-0120,,false,[],1,1,"[""UAC-0120""]"
actor-census--sha256:cd91cbc8f6eb242aa19a967e311580b752c9f199d0b21e7aa0ab3e67a12ab2c8,UAC-0125,,false,[],1,3,"[""UAC-0125""]"
actor-census--sha256:45b4f4da47e8cbe15101ad6f4fa988bb2c0986fb8bc904eb134135794e9d4c97,UAC-0132,,false,[],1,3,"[""UAC-0132""]"
actor-census--sha256:39fbb7e61962c2e677e1d911beff1438ce59467a36cccc0087f99e5f92afd027,UAC-0133,,false,[],4,4,"[""UAC-0133""]"
actor-census--sha256:60f8160062ddc48b50e092ac13619044dea44133f5b826f74b30e01c708a2b15,UAC-0142,,false,[],1,1,"[""UAC-0142""]"
actor-census--sha256:ca7388d95d5f06fb1aeb486b9986c9c2d500c004142de90e6bf7f5c3bdedfc70,UAC-0149,,false,[],1,3,"[""UAC-0149""]"
actor-census--sha256:1ed64c5696de7fbf426452196658aa90911260bb5356e6a4a163b291ee3e885f,UAC-0150,,false,[],1,1,"[""UAC-0150""]"
actor-census--sha256:911cdee990be32f85e16563fc839247b72a57b61348bbbeada621ac3ceeb650d,UAC-0165,,false,[],2,4,"[""UAC-0165""]"
actor-census--sha256:a6b90ea9a0664fa506792a88700b28bea7b44be6d58c7b2d50cd620b37e45b9b,UAC-0180,,false,[],3,6,"[""UAC-0180""]"
actor-census--sha256:a54e285dacb1ddc9aba0672a10aad716bdeb9b31defc063915d0480a76f922c3,UAC-0184,,false,[],3,7,"[""UAC-0184""]"
actor-census--sha256:555b8e543daeac515c59e5e023b704a07e549ef657fd04816b66703bdbff9772,UAC-0185,,false,[],2,4,"[""UAC-0185""]"
actor-census--sha256:ddb03f8c6933bc851bf62601cca2dd9f65dbdfc5e8bfb8558d599fef02879ddf,UAC-0188,,false,[],1,1,"[""UAC-0188""]"
actor-census--sha256:11869b204c255c44a65135953a4afd08a0f0ce3cd1d06e1b623f6977d23ed069,UAC-0190,,false,[],1,1,"[""UAC-0190""]"
actor-census--sha256:7200b8ad9786a7fed5bd8e8c73b3bfea36698a4d65fdebfc21e045bf95fe384c,UAC-0194,,false,[],2,2,"[""UAC-0194""]"
actor-census--sha256:f1f8ed42a19623e986d1e92e273c5ad7bf19dfa897273b59194f6dcf4ba258d2,UAC-0195,,false,[],1,2,"[""UAC-0195""]"
actor-census--sha256:5cfdeaaacbe4665fc66a84aa1b5513363f9e9a2c68db6348a440aa51d116f869,UAC-0200,,false,[],2,2,"[""UAC-0200""]"
actor-census--sha256:03c1956cacea1e2f5ae90b39f3ace23dfd58ee3300564dfba55264b2ab7d5fa5,UAC-0210,,false,[],1,1,"[""UAC-0210""]"
actor-census--sha256:dccf23b41afc5a73570e98ea3fa18f2874e66ea32099ce60882e7607be32f9fe,UAC-0212,,false,[],2,3,"[""UAC-0212""]"
actor-census--sha256:3e889e93d44ca7fd9babd50cba34233a89210bc30092c93cbea0d856ffac6aab,UAC-200,,false,[],1,1,"[""UAC-200""]"
actor-census--sha256:013e94334f318165f5aa78b21a8820fb804eb1b19c1e063b85b0627175250657,UNC1066,,false,[],1,1,"[""UNC1066""]"
actor-census--sha256:5c3ae34aceded4acfa643debac13d76e22070fbf09759af2ed4ec1554ff89b76,UNC1069,,false,[],7,14,"[""UNC1069""]"
actor-census--sha256:cf1be22b3af69077c0fd2c2700cd3da58b6b78cb916730da4720fbdbc0491618,UNC1115,,false,[],1,1,"[""UNC1115""]"
actor-census--sha256:8925a937b870b484b438eab3353773f5cc37cfc147572841b4d85dda5a8e139f,UNC1130,,false,[],1,5,"[""UNC1130""]"
actor-census--sha256:681d15b1ba69cd036c263802b5872ee89e700d966f4744d165d087d375e5b0b8,UNC1326,,false,[],3,6,"[""UNC1326""]"
actor-census--sha256:83613fecb1fc50c456c8d90c050fe2f8f3d80a7e6cfa9f178953c63e172ce4de,UnC1530,,false,[],1,2,"[""UnC1530""]"
actor-census--sha256:4818cc9182251739dc42b75f5291ae215b32b54cdbf2eccc07006c86aaa24450,UNC1549,,false,[],3,4,"[""UNC1549""]"
actor-census--sha256:23c5d395615b10f7381c2d15cb1dcfac5e2bde6aa7a1387784f5cfbcf68102e6,UNC1758,,false,[],2,4,"[""UNC1758""]"
actor-census--sha256:375fbd4246a13551c2c52f8c80d62604eb9a605c48b6d1df0b2837726dd806ee,UNC1860,,false,[],1,2,"[""UNC1860""]"
actor-census--sha256:42ae0aa1a5e51a16e9b00627f215366be445aaf853dc78f8af0818e1706ca218,UNC1873,,false,[],1,1,"[""UNC1873""]"
actor-census--sha256:1fe28041a2a6d5369c7fa39686b47c1c6594ca6de6b5872e2568579e5e910a6c,UNC187855,,false,[],1,1,"[""UNC187855""]"
actor-census--sha256:e0dc71d8594189d6ac96937e252c09ff2b010c24d7bece5caa2caf02c6f393ab,UNC1908,,false,[],1,3,"[""UNC1908""]"
actor-census--sha256:479ada086cb04323da2216b37253231bfa031859541c3ba056cde7c30e485869,UNC1945,,false,[],5,15,"[""DecisiveArchitect"", ""LightBasin"", ""UNC1945""]"
actor-census--sha256:5e7dae826665fed48535b613a45b4f5fdf7227c2597c052b9ef0cffc5857f21b,UNC2062,,false,[],1,4,"[""UNC2062""]"
actor-census--sha256:11402e328772f5655b0fd2a46a6b16e1887a207a30183ab21c2721bc87e3fb2c,UNC215,,false,[],3,7,"[""UNC215""]"
actor-census--sha256:94ef926952caf0566492198bfb2897cd0e340297684887e37acb56dc25014fc3,UNC216518,,false,[],1,1,"[""UNC216518""]"
actor-census--sha256:0bc78456af4f80477e3c119d9a574ea0e2f20c6e76adf550f512107e35eae327,UNC2198,,false,[],2,3,"[""UNC2198""]"
actor-census--sha256:0a3d508498cc42443a3e0c13b91832ecbd626927ff261e486436fe62c6434307,UNC2226,,false,[],1,2,"[""UNC2226""]"
actor-census--sha256:ca8472f651f1c6b1f95aa3d5bd8cc6532b14387a87f670423789d65e94678c87,UNC2286,,false,[],2,2,"[""UNC2286""]"
actor-census--sha256:340f31010ec04a4e7f325ede7ef4a138952cddc638a1dfbce5cc5b71c6962da2,UNC2428,,false,[],1,3,"[""UNC2428""]"
actor-census--sha256:571b1432563a8e537af1210f0fd7c9871eec0781d4dfc9df07afd934f03db359,UNC2447,,false,[],1,1,"[""UNC2447""]"
actor-census--sha256:38f142c8520ab831fabcf99db946a0ec196d15139f035fff435d8ae2933db316,UNC2448,,false,[],5,11,"[""UNC2448""]"
actor-census--sha256:93e1ff502d63c26ad42e9e68cdf1f275cd905404b8d9839f7f5117b1cd0b845a,UNC2465,,false,[],2,2,"[""UNC2465""]"
actor-census--sha256:a0289c6ba08a41a352c4cbc7ec7f978f63903ba15554a46affb0a4baa419249e,UNC2500,,false,[],1,5,"[""UNC2500""]"
actor-census--sha256:da6ba82f32d28a39fd7cd1ef6551b5b6963c643cd2df143af4c8080fd27ebc42,UNC2565,,false,[],1,3,"[""UNC2565""]"
actor-census--sha256:7c7723b2d1e6385aa24dcad96c974c7400c2349c8e02aee6ffad16b8ed336497,UNC2596,,false,[],4,6,"[""UNC2596""]"
actor-census--sha256:a519af0de7dc02b3c247f0d6a6e6f73d5bc79214e8ccbd2f3b9ab352362d1967,UNC259644,,false,[],1,1,"[""UNC259644""]"
actor-census--sha256:7dbf3f548bb98ff83ba210a986a6f42eedfdc0001fcbbdace4cd4c14a0e4cdbb,UNC2633,,false,[],2,7,"[""UNC2633""]"
actor-census--sha256:309339543cda9cfd604962a5904dcd5576ac1dfa24abe48c04f80d227b092112,UNC2639,,false,[],1,1,"[""UNC2639""]"
actor-census--sha256:30075c193a22ac401c1a749ff7a8217d80aa759fd4c2fb82f6a34b7b2671e19b,UNC2640,,false,[],1,1,"[""UNC2640""]"
actor-census--sha256:3715b6b9ebcd393308dab9c9ce2562d5c517bd5cc376f24a9a5c646c1da19a19,UNC2643,,false,[],1,1,"[""UNC2643""]"
actor-census--sha256:c45502b12fce90f06eb016242871a9c28ed9fc29614de68a26403130d42431d0,UNC2652,,false,[],2,2,"[""UNC2652""]"
actor-census--sha256:72a054a3542b07c18f2ee84c60297e7a79096d8915059b8b8c5fd81f30593802,UNC2727,,false,[],1,1,"[""UNC2727""]"
actor-census--sha256:283b659aea33ea7e4f427152730bb031e0f8b53a1a10979f5dace764ab14b109,UNC2758,,false,[],1,2,"[""UNC2758""]"
actor-census--sha256:2acf3d931a2ee96ddf81317b894d1a14e9f3af2cf21aeed9d258ff2b10df936c,UNC2970,,false,[],5,6,"[""UNC2970""]"
actor-census--sha256:4a59fa31ae179c30238f99b07a3a63a3a261fdbf4fdb69ea590814c0e92d5ad8,UNC3313,,false,[],3,12,"[""UNC3313""]"
actor-census--sha256:455f9ba39cc7f2d51df05f1fa444e58a8fe549f9984f8733136a92699447ecf2,UNC3319,,false,[],1,1,"[""UNC3319""]"
actor-census--sha256:f804c1102907d887125c6ebc00ca2a6bef45981352903d54711184550f13df49,UNC3507,,false,[],1,2,"[""UNC3507""]"
actor-census--sha256:c2d399b76f6ce79c69f281e81d38584cba574fba1750267623ea6d85598f81cd,UNC3569,,false,[],1,1,"[""UNC3569""]"
actor-census--sha256:009b32865ef99f09f207e1a8a30ccdefcabeb3048a95b39a91d85413a01c2119,UNC3622,,false,[],1,1,"[""UNC3622""]"
actor-census--sha256:a9816f23bca328c41707f13c8befb6fca9c5590e84398fdaf5110620ae22d254,UNC366,,false,[],1,2,"[""UNC366""]"
actor-census--sha256:f898878b62f488fa76043193c27769fbc12a91423c752f3c4ee304898cfb56c8,UNC3661,,false,[],2,6,"[""UNC3661""]"
actor-census--sha256:29bd3b4ffa5aa4b6aa117b273e355bfd0db24fe6040249e8b22eddcaaa1ddb66,UNC3666,,false,[],1,2,"[""UNC3666""]"
actor-census--sha256:35b29208ed23fad43fd078c9f7e843d3eeba9c74ad44e31efca0dd81b23e1a55,UNC3711,,false,[],1,2,"[""UNC3711""]"
actor-census--sha256:4fb9c029f10eedab4f4593c65d187823a66eae6c149511a9fe703443fba6e2e8,UNC3742,,false,[],1,1,"[""UNC3742""]"
actor-census--sha256:20493d8ba33d8e9edaab10706b55a991d038e0944818dea8a566159e53fda4d1,UNC3753,,false,[],1,1,"[""UNC3753""]"
actor-census--sha256:c5e5f3487ce59f1a09c9f827cb582af1e5d467f2ff12e59fce122e51f52924d3,UNC3762,,false,[],1,2,"[""UNC3762""]"
actor-census--sha256:afb0eda9b23ed1f20a12bea2bb97e1f9c46ebe5412786cc75df87611d138c11f,UNC3782,,false,[],2,7,"[""UNC3782""]"
actor-census--sha256:9cfdedc51d1fcce5c7eed758fd996eb9112a529f5ad015c03b0eab68fbf6769f,UNC3784,,false,[],1,3,"[""UNC3784""]"
actor-census--sha256:ce38b2cdef55c95f65a22e0258a265fb7f604ae2af4182941e2ac3cdb68702c2,UNC3786,,false,[],2,7,"[""UNC3786""]"
actor-census--sha256:7d493c6997e88af6424283955c8bd58e7cc438f69c164d65c67f12f930043f59,UNC3810,,false,[],1,5,"[""UNC3810""]"
actor-census--sha256:047a5abd4915c6ff6ddfeb8ebfc5083e47fbab4146ca94ea6b9822ec5fd15de3,UNC3819,,false,[],2,3,"[""UNC3819""]"
actor-census--sha256:056ec822e6ada14d878fe5218f0d786ce63f91cf4c6ef49b64979bcd23494d4b,UNC3840,,false,[],1,5,"[""UNC3840""]"
actor-census--mitre:G1048,UNC3886,G1048,false,[],7,15,"[""UNC3886""]"
actor-census--sha256:6f664d5dab1da2f4898bd275af7a7093ad09a7b51ab7414929d317222a932651,UNC3890,,false,[],3,10,"[""UNC3890""]"
actor-census--sha256:ae409784924a4952c2ed2a9bfd4f7a5c76631ba4f06ed7966ae974c1814c90cc,UNC3905,,false,[],1,1,"[""UNC3905""]"
actor-census--sha256:6587007922c936ea543711e1e5f2ae1c19e45fc2930653e7a5c461bce6f049e4,UNC394,,false,[],1,1,"[""UNC394""]"
actor-census--sha256:4422d602dc8821c73469a3bacec29c65bfcffc14ca5d7a225a08c61d47c9cfdf,UNC394421,,false,[],1,1,"[""UNC394421""]"
actor-census--sha256:2882b9d8def7855686274426ce900ae3889fa78175e4b6202451e00805eb3bff,UNC394441,,false,[],1,1,"[""UNC394441""]"
actor-census--sha256:f47ad514584849246a176baba84ad4dc6ae3208cb2b7aae0f1b52e6489a94d23,UNC3973,,false,[],1,3,"[""UNC3973""]"
actor-census--sha256:3be64f09bbef580ae0a7a24540952d967d7151e8dae4305694760db02956aa41,UNC4034,,false,[],2,8,"[""UNC4034""]"
actor-census--sha256:6d51f48b09e1063eee223331d5abf9974b49d9e175c6f327563f5ecc8d37dc41,UNC4131,,false,[],1,2,"[""UNC4131""]"
actor-census--sha256:354330be9b1de2c5c60218536be3024e37501c8360d9e94be65d11c61921260a,UNC4166,,false,[],1,3,"[""UNC4166""]"
actor-census--sha256:91fc6877c8253042e4da70d0242c82581e3b3f844ddc109212c1b24a60960adc,UNC4191,,false,[],1,3,"[""UNC4191""]"
actor-census--sha256:1b1a00dce37cc3ce1993dd59599dc186827a407c34629722bab4f4df972d3303,UNC4209,,false,[],1,3,"[""UNC4209""]"
actor-census--sha256:44d12eb8573e94969011dbf41fb5b1c1e341ccef7161ab93868b202c54b9ec6c,UNC4210,,false,[],1,2,"[""UNC4210""]"
actor-census--sha256:c2ee4a6bea7ed923654a68793617a1e4cf71b50f81e7ecc07ae6dcc658445aad,UNC4221,,false,[],2,4,"[""UNC4221""]"
actor-census--sha256:ded328942ece03646e0d2e362dd89ad6af156d62535bd47a1ede0ad0e9119933,UNC4369,,false,[],1,2,"[""UNC4369""]"
actor-census--sha256:f3f95b132b11e6d3953ebefed2eb78e1a3c2382921a3966ee5b75e6a1a534feb,UNC4393,,false,[],5,16,"[""UNC4393""]"
actor-census--sha256:2977215c3d6990c846f7afad7e49868c872feeef7239e61dd9bdad223a82476b,UnC4444,,false,[],1,2,"[""UnC4444""]"
actor-census--sha256:11652eadc7e64a272ec5b5658aedd2ef0546788d65ce0d76bb13a876362b40fa,UNC4453,,false,[],2,2,"[""UNC4453""]"
actor-census--sha256:e0b87e53bb69c2c474b4c7a3a7e21e05bdd6a7d7ccda5bedb82174126ffd5ab8,UNC4466,,false,[],1,2,"[""UNC4466""]"
actor-census--sha256:6cedb4085d0cfa411f3d3e70922331c130c97d3364ccd3d088075ddd0fa36ee8,UNC4469,,false,[],1,3,"[""UNC4469""]"
actor-census--sha256:af10ea825e2032d1cb5b2b48c0afc6234fa9b529dbac4022bdd837cfbf0daf31,UNC4536,,false,[],1,1,"[""UNC4536""]"
actor-census--sha256:40b008cdad101da4386e6076b99a12052d0e13b4e2a40330f9c8333617afc896,UNC4696,,false,[],2,3,"[""UNC4696""]"
actor-census--sha256:c1c3fd7345d8417e42ee7d0575731fb7e1ff95468dd00201269900fbc7377e41,UNC4713,,false,[],1,1,"[""UNC4713""]"
actor-census--sha256:e900c112141bc4bf802ff00dbde2509f6a074a2fe501f5c7c463af31abbb6587,UNC4814,,false,[],1,2,"[""UNC4814""]"
actor-census--sha256:958dd495e3db4fa9571d5779e41e15355a143163c544d64179ccbe938c6ca239,UNC4857,,false,[],1,1,"[""UNC4857""]"
actor-census--sha256:33d60f949c12ef2e3511a0fd0cf79f696bd4ee01376b7ad8b05beaa962b173e9,UNC4895,,false,[],1,2,"[""UNC4895""]"
actor-census--sha256:2c0a67604652b38475692852080fae87d04c424f737365b76c3c30d4d66a0287,UNC4896,,false,[],1,2,"[""UNC4896""]"
actor-census--sha256:01998fe82ce74f85d843c380c9d9e6880eb154b1d3e23502b829bb1b8a6960df,UNC4899,,false,[],9,17,"[""UNC4899""]"
actor-census--sha256:ffe2799e8e5c967fb58e66f2289cf325c086f39c89ccb8c0fa48e846bfebb871,UNC4962,,false,[],1,1,"[""UNC4962""]"
actor-census--sha256:2d29fc676a2d5ea5085902308c3c6ed514c583dd034e280eef10453136c43e42,UNC5051,,false,[],1,1,"[""UNC5051""]"
actor-census--sha256:f3a9ee0d43c770a47a33c732748b5f5170dc084653754aa03b02d1247a6bedad,UNC5092,,false,[],1,3,"[""UNC5092""]"
actor-census--sha256:48550538564091196235ff821cd8995594b7086dfdf1e165caa22484b03127f5,UNC5103,,false,[],1,1,"[""UNC5103""]"
actor-census--sha256:97b09ba452936f7a0557f45919b8fe3082529d000deddaf399e23b369f9e0c6f,UNC5135,,false,[],1,3,"[""UNC5135""]"
actor-census--sha256:5f7e44fd601d342176e24f2ec476f87bb6078cc04fa90000693bd546b78c935e,UNC5142,,false,[],1,2,"[""UNC5142""]"
actor-census--sha256:6b0aa8e80944c4d72dac9824733cc97fc243c9d7d34062664e970c25d123dfb0,UNC5155,,false,[],1,2,"[""UNC5155""]"
actor-census--sha256:f083d01899e2a9fd6f60c6a3e7c0e69e0145d1d21df218ca5efd884ca3889dfb,UNC5203,,false,[],1,1,"[""UNC5203""]"
actor-census--sha256:8fdc719b21dec5a5a1a6d24f7379ede16ae81cf10248900cc51fe488912d751f,UNC5221,,false,[],13,31,"[""UNC5221""]"
actor-census--sha256:aa38aec467d75bf3d63d6276dcddb9fd30a876dc9d9094d2a3809893876ed5cc,UNC5227,,false,[],1,5,"[""UNC5227""]"
actor-census--sha256:379a920d30d869d407d303ea7c67a4625f87e4763bae0c387c38bfc53872ffbe,UNC5267,,false,[],4,7,"[""UNC5267""]"
actor-census--sha256:d300f4675755d77ed8179def2b7821386cc7f96183371087bb429a80444636dc,UNC5277,,false,[],1,4,"[""UNC5277""]"
actor-census--sha256:83d7fd55b57e6783df4d47b7789bbf7aaa4a00d2129226b27c1a95c5817f1926,UNC5280,,false,[],1,5,"[""UNC5280""]"
actor-census--sha256:ce16f64a8ff45d9e799d1863ddce373784c014c11e85c38542467c0aa0fbe477,UNC5291,,false,[],2,3,"[""UNC5291""]"
actor-census--sha256:f445b5432c912e1d5eb7211635588de3315a61def8594cf5ea8586fd8d964b96,UNC5337,,false,[],1,1,"[""UNC5337""]"
actor-census--sha256:6977aa9c588a63f7dbeebc0b1ee626bf368551717674182712246bb29ec166ff,UNC5342,,false,[],3,7,"[""UNC5342""]"
actor-census--sha256:e3350e4d9da56f69fd9ea15dd13eb6887f3e6b6ac3fc849331fc1936e055aac8,UNC553,,false,[],1,1,"[""UNC553""]"
actor-census--sha256:6e5f4354027b79f09b17916ee2c661d1e1d73c960631c79bfe648ac6aed81697,UNC5537,,false,[],3,7,"[""UNC5537""]"
actor-census--sha256:a9f2bf40e0b3d3497bffd97b6bdd819a0c91ab6516c4067104c2c6b30bc4d39d,UNC553720,,false,[],1,1,"[""UNC553720""]"
actor-census--sha256:6392dc6c2e3d2679b17695fb5fb2961071c512cb58a7f161eecd8291a5005577,UNC5606,,false,[],1,1,"[""UNC5606""]"
actor-census--sha256:d453b4c826f30ac39111ff843086bbac0f531be25fb53f01849abd6260352208,UNC5691,,false,[],1,1,"[""UNC5691""]"
actor-census--sha256:60cdb6d1ec653ccb56c9c85a2896203580007aac550a630116179f54039b4bad,UNC577,,false,[],1,1,"[""UNC577""]"
actor-census--sha256:82184f6e104c93ad927a6d773d9f0cb95c14e7ce12af604762fc8dd23a517b10,UNC5791,,false,[],2,6,"[""UNC5791""]"
actor-census--sha256:9100470ce72470e7145b472901ccef1ab725607720da7e826e24421268449786,UNC5812,,false,[],1,1,"[""UNC5812""]"
actor-census--sha256:94595ad93fa52c63f8b8652f7965aa3a0dd30ce42941af8ce30a9fbdd830b08b,UNC5820,,false,[],4,8,"[""UNC5820""]"
actor-census--sha256:904ed79157c9954c9ed427ed9828720a836d2f5bcb4f5a29eaa2a07e8497ac59,UNC5923,,false,[],1,1,"[""UNC5923""]"
actor-census--sha256:5382bcd5bd4d9331c07dc0662488a23b2c315f1f8ac31ce228461aee83b4cb0d,UNC6040,,false,[],2,6,"[""UNC6040""]"
actor-census--sha256:33b8d9f54bd5cbb7acb52784738d37c72f7016b8677ed9ef419b67b7b0821a44,UNC6240,,false,[],2,3,"[""UNC6240""]"
actor-census--sha256:986d60b7cc23f3513667f3ebe391dc23bc7f669ed2d5721a48917b67f43bcb9f,UNC6293,,false,[],1,3,"[""UNC6293""]"
actor-census--sha256:571ec90355cb178237c5aa122e2a0a86fd1efb7f00e2d4efef2dfa0f32e3714a,UNC638,,false,[],1,1,"[""UNC638""]"
actor-census--sha256:907c35c6d889e9bca7d0298dc09eb160f27845f5c29a5a68322ef3366499b00f,UNC6395,,false,[],2,6,"[""UNC6395""]"
actor-census--sha256:b757098aed084e252678918a2ebfa7ad3d6153b1f74484ccd09b3f03cd41760c,UNC6619,,false,[],1,1,"[""UNC6619""]"
actor-census--sha256:4cde45f0fd2fa6477d433b0f9e3aae1238f1849b7e82d88e24e4b023b55d1c6a,UNC666,,false,[],1,3,"[""UNC666""]"
actor-census--sha256:b9f0fa310b25a2d15e3f3165309633e756752e1902b3831884857d3c3c4f177d,UNC6661,,false,[],1,5,"[""UNC6661""]"
actor-census--sha256:22de2fef45265c83189aa1c5a02165e3fd7156fe86fa5ba150aab19e82292875,UNC6671,,false,[],1,1,"[""UNC6671""]"
actor-census--sha256:a262291e195066b5c3d4b1cceb587e9bb18c26fa8172328a5b0be170f1769804,UnC718,,false,[],1,1,"[""UnC718""]"
actor-census--sha256:05070572f1ba3ad6ae8619691192a6e23aa05d78c97798d8848e66ff905fa535,UNC785,,false,[],1,1,"[""UNC785""]"
actor-census--sha256:6820bc27928b3ea7ac3d852db9c3fb062d9bff7f5eda195bcc52c88a94a845f3,UNC786,,false,[],1,2,"[""UNC786""]"
actor-census--sha256:1ccb219dc0f791e6e9e55a1a66b315d5d21cd89738b3f2d76d532997678081c2,UNC788,,false,[],6,10,"[""UNC788""]"
actor-census--sha256:01409d42fcda938fb172ee088533200cdb2a8d70b67b3e1cfefe557f9306e9b4,UNC902,,false,[],1,1,"[""UNC902""]"
actor-census--sha256:43d7f60ac5991e5329c14df0c53213552fe4c2ac9a6b00f05af1719dc761c929,UNC961,,false,[],3,7,"[""UNC961""]"
actor-census--sha256:6131607177386284f94d81b012c5944acdbe7426fe955c6e13a404da92c12562,Union Panda,,false,[],3,4,"[""Union Panda""]"
actor-census--sha256:43fc4a70ece7905709e657226bb33711bc8f5521ee61c1f6f8b6a34082bf5c13,Union Spider,,false,[],2,2,"[""Union Spider""]"
actor-census--sha256:cf93dab245b5ae57b9121e4cf9d0fbde21489edeab4d41d0dd9d1761c5bede53,Unit 8200,,false,[],5,10,"[""Duqu Group"", ""SIG35"", ""Unit 8200""]"
actor-census--sha256:74fb748784baa34167d282962ddb2e759f238e6aa6ccfca26dffdea6800b7f07,Vanilla Tempest,,false,[],2,4,"[""DEV-0832"", ""Vanilla Tempest""]"
actor-census--mitre:G1047,Velvet Ant,G1047,false,[],2,3,"[""Velvet Ant""]"
actor-census--sha256:7bfd73b7e013160f1a9aaebbad51ad17a34f4b17945b3721bc356ef80e6ad628,Velvet Tempest,,false,[],3,4,"[""DEV-0504"", ""Velvet Tempest""]"
actor-census--sha256:c31fcd8135083d4331754459d30119578d5743603f88153c2cf36be29a71d9ec,Vice Society,,false,[],14,28,"[""Vice Society""]"
actor-census--sha256:cee4ca6a04666ae65b4c3c40ac262e86db343683f8bdd9d9ff0947344d903d6f,Vicious Panda,,false,[],5,15,"[""Vicious Panda""]"
actor-census--sha256:c6a943aed71678b2eddb59bc320655ba33c297f89dfc0e5fc0c91c81fbf99a97,Violet Typhoon,,false,[],23,63,"[""APT31"", ""Violet Typhoon"", ""ZIRCONIUM""]"
actor-census--sha256:ea7cd8f0cbe2b81c73495d270beaa09faf2e1a29019301d617ce7531189ff4ea,Violin Panda,,false,[],6,22,"[""APT20"", ""APT8"", ""Covert Grove"", ""Violin Panda""]"
actor-census--mitre:G1055,VOID MANTICORE,G1055,false,[],22,62,"[""BANISHED KITTEN"", ""COBALT MYSTIQUE"", ""Handala Hack"", ""HomeLand Justice"", ""Homeland Justice"", ""Karma"", ""Karmabelow80"", ""Red Sandstorm"", ""VOID MANTICORE""]"
actor-census--mitre:G0123,Volatile Cedar,G0123,false,[],6,22,"[""Lebanese Cedar"", ""Volatile Cedar""]"
actor-census--mitre:G1017,Volt Typhoon,G1017,false,[],30,78,"[""BRONZE SILHOUETTE"", ""DazedToad"", ""DEV-0391"", ""Insidious Taurus"", ""UNC3236"", ""Vanguard Panda"", ""Volt Typhoon"", ""Voltzite""]"
actor-census--mitre:G1050,Water Galura,G1050,false,[],1,2,"[""GOLD FEATHER"", ""Water Galura""]"
actor-census--sha256:d8c779c8891bc8b986bb9f4c89d830e7b8b2aed04f01718ae46dd7f85d10b4df,White Company,,false,[],3,7,"[""White Company""]"
actor-census--sha256:4ba19f6a0ac428395865c8b71641c5d5b6ed6ef8c4bd8aed8280c4f0c697315c,White Tur,,false,[],3,10,"[""White Tur""]"
actor-census--mitre:G0107,Whitefly,G0107,false,[],4,18,"[""Whitefly""]"
actor-census--sha256:b2784b930e2a62abd0642c891553aa924e239adb1a4e0ebeb25d694c0e97e1bb,Whitefly,,false,[],4,18,"[""Whitefly""]"
actor-census--sha256:8e55ba636731db2db7b256f165122f21a8863f37e4c9d19905d043593d00aef6,Wicked Spider,,false,[],8,28,"[""Wicked Spider""]"
actor-census--sha256:676dad4a4f0e5eb232afc12830fbb2c360d6d432fb6dc622b74ca6d423db4f6d,Wild Neutron,,false,[],4,20,"[""Deceptikons"", ""Jripbot"", ""Morpho"", ""Wild Neutron"", ""WildNeutron""]"
actor-census--mitre:G0124,Windigo,G0124,false,[],3,8,"[""Windigo""]"
actor-census--sha256:ebf675d324c9d4298a4ef3adcd517912c214908f2fbf65c13cfc8924ec41c255,Wine Tempest,,false,[],2,8,"[""PARINACOTA"", ""Wadhrama"", ""Wine Tempest""]"
actor-census--mitre:G0090,WIRTE,G0090,false,[],10,30,"[""Ashen Lepus"", ""Group WITRE"", ""WIRTE""]"
actor-census--sha256:feb56ff632f6bb6b4dc4735f74eb49e80e611309528210a4997aec6f2a7e3727,Wisteria Tsunami,,false,[],1,3,"[""CyberRoot"", ""DEV-0605"", ""Wisteria Tsunami""]"
actor-census--sha256:026ac710513ed41a423eb4036cab9aca2f8e319656f41c6855f2c21320bdb794,Wold Spider,,false,[],1,1,"[""Wold Spider""]"
actor-census--sha256:ca5afd2d1c175971f68b5ccca8821acaf3df3a97cffaab4634d559fdfefe4cd7,Worok,,false,[],5,14,"[""Worok""]"
actor-census--sha256:7c446097355b34ded3ca6b3cdcd6850fea4772772a828387950ca85606cf2945,Yanluowang,,false,[],3,8,"[""Yanluowang""]"
actor-census--sha256:51279289eae23512d4b41b7b15d89d6e7ddd12e28c8a17b3f4f554a6accc77f5,Zebrocy,,false,[],15,49,"[""Zebrocy""]"
actor-census--mitre:G0128,ZIRCONIUM,G0128,false,[],23,63,"[""APT31"", ""Violet Typhoon"", ""ZIRCONIUM""]"
actor-census--sha256:db94128e6f4134a3f250575bab150d4a4023b6433c82c8f1abaa2723a2673cbd,Zombie Spider,,false,[],5,20,"[""Kelihos"", ""Pytor Levashov"", ""Zombie Spider""]"
